Temps (s),EDWiN + Batt,EDWiN
0,28799,28799
1,28798,28798
2,28797,28797
3,28796,28796
4,28795,28795
5,28794,28794
6,28793,28785
7,28792,28784
8,28791,28783
9,28790,28782
10,28789,28781
11,28788,28780
12,28787,28779
13,28786,28778
14,28785,28777
15,28784,28776
16,28783,28775
17,28782,28774
18,28781,28773
19,28780,28772
20,28779,28771
21,28778,28770
22,28777,28769
23,28776,28768
24,28775,28767
25,28774,28766
26,28773,28765
27,28772,28764
28,28771,28763
29,28770,28762
30,28769,28761
31,28768,28760
32,28767,28759
33,28766,28758
34,28765,28757
35,28764,28756
36,28763,28755
37,28762,28754
38,28761,28753
39,28760,28752
40,28759,28751
41,28758,28750
42,28757,28749
43,28756,28637
44,28755,28636
45,28754,28635
46,28753,28634
47,28752,28633
48,28751,28632
49,28750,28631
50,28749,28630
51,28748,28629
52,28747,28628
53,28746,28627
54,28745,28626
55,28744,28625
56,28743,28624
57,28742,28623
58,28741,28622
59,28740,28621
60,28739,28620
61,28738,28616
62,28737,28615
63,28736,28614
64,28735,28613
65,28734,28612
66,28733,28611
67,28732,28607
68,28731,28606
69,28730,28605
70,28729,28604
71,28728,28603
72,28727,28602
73,28726,28601
74,28725,28600
75,28724,28599
76,28723,28598
77,28722,28597
78,28721,28596
79,28720,28595
80,28719,28594
81,28718,28593
82,28717,28592
83,28716,28591
84,28715,28590
85,28714,28589
86,28713,28588
87,28712,28587
88,28711,28471
89,28710,28470
90,28709,28469
91,28557,28468
92,28556,28467
93,28555,28466
94,28554,28465
95,28553,28464
96,28552,28463
97,28551,28462
98,28550,28461
99,28549,28460
100,28548,28459
101,28547,28458
102,28546,28457
103,28545,28456
104,28544,28455
105,28543,28454
106,28542,28453
107,28541,28452
108,28540,28445
109,28539,28444
110,28538,28443
111,28537,28442
112,28536,28441
113,28535,28440
114,28534,28439
115,28533,28438
116,28532,28437
117,28531,28436
118,28530,28435
119,28529,28434
120,28528,28433
121,28527,28432
122,28526,28431
123,28525,28430
124,28524,28429
125,28523,28428
126,28522,28427
127,28521,28426
128,28520,28425
129,28519,28424
130,28518,28423
131,28517,28422
132,28516,28421
133,28515,28420
134,28514,28419
135,28513,28418
136,28512,28417
137,28511,28416
138,28510,28415
139,28509,28414
140,28508,28413
141,28507,28412
142,28506,28411
143,28505,28410
144,28504,28409
145,28503,28408
146,28502,28407
147,28501,28406
148,28500,28405
149,28499,28404
150,28498,28403
151,28497,28402
152,28496,28401
153,28495,28400
154,28494,28214
155,28493,28213
156,28492,28199
157,28491,28198
158,28490,28197
159,28489,28196
160,28488,28195
161,28487,28194
162,28486,28193
163,28485,28192
164,28484,28191
165,28483,28190
166,28482,28189
167,28481,28188
168,28480,28187
169,28479,28186
170,28478,28185
171,28477,28184
172,28476,28183
173,28475,28182
174,28474,28181
175,28473,28180
176,28472,28179
177,28471,28178
178,28470,28177
179,28469,28176
180,28468,28175
181,28467,28171
182,28466,28170
183,28465,28169
184,28464,28168
185,28463,28167
186,28462,28166
187,28461,28165
188,28460,28164
189,28459,28163
190,28458,28162
191,28457,28161
192,28456,28160
193,28455,28159
194,28454,28158
195,28453,28157
196,28452,28156
197,28451,28155
198,28450,28154
199,28449,28153
200,28448,28152
201,28447,28151
202,28446,28150
203,28445,28149
204,28444,28148
205,28443,28147
206,28442,28146
207,28441,28145
208,28440,28144
209,28439,28143
210,28438,28142
211,28437,28141
212,28436,28140
213,28435,28139
214,28434,28138
215,28433,28137
216,28432,28136
217,28431,28135
218,28430,28134
219,28429,28133
220,28428,28132
221,28427,28131
222,28426,28130
223,28425,28129
224,28424,28128
225,28423,28127
226,28422,28126
227,28421,28125
228,28420,28124
229,28419,28123
230,28418,28122
231,28417,28121
232,28416,28120
233,28415,28119
234,28414,28118
235,28413,28117
236,28412,28116
237,28411,28115
238,28410,28114
239,28409,28113
240,28408,28112
241,28407,28111
242,28406,28110
243,28405,28109
244,28404,28108
245,28403,28107
246,28402,28106
247,28401,28105
248,28400,28104
249,28399,28103
250,28398,28102
251,28397,28101
252,28396,28100
253,28395,28099
254,28394,28098
255,28393,28097
256,28392,28096
257,28391,28095
258,28390,28094
259,28389,28093
260,28388,28092
261,28387,28091
262,28386,28090
263,28385,28089
264,28384,28088
265,28383,28087
266,28382,28086
267,28381,28085
268,28380,28084
269,28379,28083
270,28378,28082
271,28377,28081
272,28376,28080
273,28375,28079
274,28374,28078
275,28373,28077
276,28372,28076
277,28371,28075
278,28370,28074
279,28369,28073
280,28368,28072
281,28367,28071
282,28366,28070
283,28365,27706
284,28364,27705
285,28363,27704
286,28362,27703
287,28361,27702
288,28360,27701
289,28359,27700
290,28358,27699
291,28357,27680
292,28356,27679
293,28355,27678
294,28354,27677
295,28353,27676
296,28352,27675
297,28351,27674
298,28350,27673
299,28349,27672
300,28348,27671
301,28347,27670
302,28346,27669
303,28345,27668
304,28344,27667
305,28343,27666
306,28342,27665
307,28341,27664
308,28340,27663
309,28339,27662
310,28338,27661
311,28337,27660
312,28336,27659
313,28335,27658
314,28334,27657
315,28333,27656
316,28332,27655
317,28331,27654
318,28330,27653
319,28329,27652
320,28328,27651
321,28327,27650
322,28326,27649
323,28325,27648
324,28324,27647
325,28323,27646
326,28322,27645
327,28321,27644
328,28320,27643
329,28319,27642
330,28318,27641
331,28317,27640
332,28316,27639
333,28315,27638
334,28314,27637
335,28313,27636
336,28312,27635
337,28311,27634
338,28310,27633
339,28309,27632
340,28308,27631
341,28307,27630
342,28306,27629
343,28305,27628
344,28304,27627
345,28303,27626
346,28302,27625
347,28301,27624
348,28300,27623
349,28299,27622
350,28298,27621
351,28297,27620
352,28296,27619
353,28295,27618
354,28294,27617
355,28293,27616
356,28292,27615
357,28291,27614
358,28290,27613
359,28289,27612
360,28288,27611
361,28287,27610
362,28286,27609
363,28285,27608
364,28284,27607
365,28283,27606
366,28282,27605
367,28281,27604
368,28280,27603
369,28279,27602
370,28278,27601
371,28277,27600
372,28276,27599
373,28275,27598
374,28274,27597
375,28273,27596
376,28272,27595
377,28271,27594
378,28270,27593
379,28269,27592
380,28268,27591
381,28267,27590
382,28266,27589
383,28265,27588
384,28264,27587
385,28263,27586
386,28262,27585
387,28261,27584
388,28260,27583
389,28259,27582
390,28258,27581
391,28257,27580
392,28256,27579
393,28255,27578
394,28254,27577
395,28253,27576
396,28252,27575
397,28251,27574
398,28250,27573
399,28249,27572
400,28248,27571
401,28247,27570
402,28246,27569
403,28245,27568
404,28244,27567
405,28243,27566
406,28242,27565
407,28241,27564
408,28240,27563
409,28239,27562
410,28238,27561
411,28237,27560
412,28236,27559
413,28235,27558
414,28234,27557
415,28233,27556
416,28232,27555
417,28231,27554
418,28230,27553
419,28229,27552
420,28228,27551
421,28227,27550
422,28226,27549
423,28225,27548
424,28224,27547
425,28223,27546
426,28222,27545
427,28221,27544
428,28220,27543
429,28219,27542
430,28218,27541
431,28217,27540
432,28216,27539
433,28215,27538
434,28214,27537
435,28213,27536
436,28212,27535
437,28211,27534
438,28210,27533
439,28209,27532
440,28208,27531
441,28207,27530
442,28206,27529
443,28205,27528
444,28204,27063
445,28203,27062
446,28202,27061
447,28201,27060
448,28200,27059
449,28199,27058
450,28198,27057
451,28197,27056
452,28196,27055
453,28195,27054
454,28194,27053
455,28193,27052
456,28192,27051
457,28191,27050
458,28190,27049
459,28189,27048
460,28188,27047
461,28187,27046
462,28186,27045
463,28185,27044
464,28184,27043
465,28183,27042
466,28182,27041
467,28181,27040
468,28180,27039
469,28179,27038
470,28178,27037
471,28177,27036
472,28176,27035
473,28175,27034
474,28174,27033
475,28173,27032
476,28172,27031
477,28171,27030
478,28170,27029
479,28169,27028
480,28168,27027
481,28167,27026
482,28166,27025
483,28165,27024
484,28164,27023
485,28163,27022
486,28162,27021
487,28161,27020
488,28160,27019
489,28159,27018
490,28158,27017
491,28157,27016
492,28156,27015
493,28155,27014
494,28154,27013
495,28153,27012
496,28152,27011
497,28151,27010
498,28150,27009
499,28149,27008
500,28148,27007
501,28147,27006
502,28146,27005
503,28145,27004
504,28144,27003
505,28143,27002
506,28142,27001
507,28141,27000
508,28140,26999
509,28139,26998
510,28138,26997
511,28137,26821
512,28136,26820
513,28135,26819
514,28134,26818
515,28133,26817
516,28132,26816
517,28131,26797
518,28130,26796
519,28129,26795
520,28128,26794
521,28127,26793
522,28126,26792
523,28125,26791
524,28124,26790
525,28123,26789
526,28122,26788
527,28121,26787
528,28120,26786
529,28119,26785
530,28118,26784
531,28117,26783
532,28116,26782
533,28115,26781
534,28114,26780
535,28113,26779
536,28112,26778
537,28111,26777
538,28110,26776
539,28109,26689
540,28108,26688
541,28107,26687
542,28106,26686
543,28105,26685
544,28104,26684
545,28103,26683
546,28102,26682
547,28101,26681
548,28100,26680
549,28099,26679
550,28098,26678
551,28097,26677
552,28096,26676
553,28095,26675
554,28094,26674
555,28093,26673
556,28092,26672
557,28091,26671
558,28090,26670
559,28089,26669
560,28088,26668
561,28087,26667
562,28086,26666
563,28085,26665
564,28084,26664
565,28083,26663
566,28082,26662
567,28081,26661
568,28080,26660
569,28079,26659
570,28078,26658
571,28077,26657
572,28076,26656
573,28075,26655
574,28074,26654
575,28073,26653
576,28072,26652
577,28071,26651
578,28070,26650
579,28069,26649
580,28068,26648
581,28067,26647
582,28066,26646
583,28065,26645
584,28064,26644
585,28063,26643
586,28062,26642
587,28061,26641
588,28060,26640
589,28059,26639
590,28058,26638
591,28057,26637
592,28056,26636
593,28055,26635
594,28054,26634
595,28053,26633
596,28052,26632
597,28051,26631
598,28050,26630
599,28049,26629
600,28048,26628
601,28047,26627
602,28046,26626
603,28045,26625
604,28044,26624
605,28043,26623
606,28042,26622
607,28041,26621
608,28040,26620
609,28039,26619
610,28038,26618
611,28037,26617
612,28036,26616
613,28035,26615
614,28034,26614
615,28033,26613
616,28032,26612
617,28031,26611
618,28030,26610
619,28029,26609
620,28028,26608
621,28027,26607
622,28026,26606
623,28025,26605
624,28024,26604
625,28023,26603
626,28022,26602
627,28021,26601
628,28020,26600
629,28019,26599
630,28018,26598
631,28017,26597
632,28016,26596
633,28015,26595
634,28014,26594
635,28013,26593
636,28012,26592
637,28011,26591
638,28010,26590
639,28009,26589
640,28008,26588
641,28007,26587
642,28006,26586
643,28005,26585
644,28004,26584
645,28003,26583
646,28002,26582
647,28001,26581
648,28000,26580
649,27999,26579
650,27998,26578
651,27997,26577
652,27996,26576
653,27995,26575
654,27994,26574
655,27993,26573
656,27992,26572
657,27991,26571
658,27990,26570
659,27989,26569
660,27988,26568
661,27987,26567
662,27986,26566
663,27985,26565
664,27984,26564
665,27983,26563
666,27982,26562
667,27981,26561
668,27980,26560
669,27979,26559
670,27978,26558
671,27977,26557
672,27976,26556
673,27975,26555
674,27974,26554
675,27973,26553
676,27972,26552
677,27971,26551
678,27970,26550
679,27969,26549
680,27968,26548
681,27967,26547
682,27966,26546
683,27965,26545
684,27964,26544
685,27963,26543
686,27962,26542
687,27961,26541
688,27960,26540
689,27959,26539
690,27958,26538
691,27957,26537
692,27956,26536
693,27955,26535
694,27954,26534
695,27953,26533
696,27952,26532
697,27951,26531
698,27950,26530
699,27949,26529
700,27948,26528
701,27947,26527
702,27946,26526
703,27945,26525
704,27944,26524
705,27943,26523
706,27942,26522
707,27941,26521
708,27940,26520
709,27939,26519
710,27938,26518
711,27937,26517
712,27936,26516
713,27935,26515
714,27934,26514
715,27933,26513
716,27932,26512
717,27931,26511
718,27930,26510
719,27929,26509
720,27928,26508
721,27927,26507
722,27926,26506
723,27925,26505
724,27924,26504
725,27923,26503
726,27922,26502
727,27921,26501
728,27920,26500
729,27919,26499
730,27918,26498
731,27917,26497
732,27916,26496
733,27915,26495
734,27914,26494
735,27913,26493
736,27912,26492
737,27911,26491
738,27910,26490
739,27909,26489
740,27908,26488
741,27907,26487
742,27906,26486
743,27905,26485
744,27904,26484
745,27903,26483
746,27902,26482
747,27901,26481
748,27900,26480
749,27899,26479
750,27898,26478
751,27897,26477
752,27896,26476
753,27895,25826
754,27894,25825
755,27893,25824
756,27892,25823
757,27891,25822
758,27890,25821
759,27889,25820
760,27888,25819
761,27887,25818
762,27886,25817
763,27885,25816
764,27884,25815
765,27883,25814
766,27882,25813
767,27881,25812
768,27880,25811
769,27879,25810
770,27878,25809
771,27877,25808
772,27876,25807
773,27875,25806
774,27874,25805
775,27873,25804
776,27872,25803
777,27871,25802
778,27870,25801
779,27869,25800
780,27868,25799
781,27867,25798
782,27866,25797
783,27865,25796
784,27864,25795
785,27863,25794
786,27862,25793
787,27861,25792
788,27860,25791
789,27859,25790
790,27858,25789
791,27857,25788
792,27856,25787
793,27855,25786
794,27854,25785
795,27853,25784
796,27852,25783
797,27851,25782
798,27850,25781
799,27849,25780
800,27848,25779
801,27847,25778
802,27846,25777
803,27845,25776
804,27844,25775
805,27843,25774
806,27842,25773
807,27841,25772
808,27840,25771
809,27839,25770
810,27838,25769
811,27837,25768
812,27836,25767
813,27835,25766
814,27834,25765
815,27833,25764
816,27832,25763
817,27831,25762
818,27830,25761
819,27829,25760
820,27828,25759
821,27827,25758
822,27826,25757
823,27825,25756
824,27824,25755
825,27823,25754
826,27822,25753
827,27821,25752
828,27820,25751
829,27819,25750
830,27818,25749
831,27817,25748
832,27816,25747
833,27815,25746
834,27814,25745
835,27813,25744
836,27812,25743
837,27811,25742
838,27810,25741
839,27809,25740
840,27808,25739
841,27807,25738
842,27806,25737
843,27805,25736
844,27804,25735
845,27803,25734
846,27802,25733
847,27801,25732
848,27800,25731
849,27799,25730
850,27798,25729
851,27797,25728
852,27796,25727
853,27795,25726
854,27794,25725
855,27793,25724
856,27792,25723
857,27791,25722
858,27790,25721
859,27789,25720
860,27788,25719
861,27787,25718
862,27786,25717
863,27785,25716
864,27784,25715
865,27783,25714
866,27782,25713
867,27781,25712
868,27780,25711
869,27779,25710
870,27778,25709
871,27777,25708
872,27776,25707
873,27775,25706
874,27774,25705
875,27773,25704
876,27772,25703
877,27771,25702
878,27770,25701
879,27769,25700
880,27768,25699
881,27767,25698
882,27766,25697
883,27765,25696
884,27764,25695
885,27763,25694
886,27762,25693
887,27761,25692
888,27760,25691
889,27759,25690
890,27758,25689
891,27757,25688
892,27756,25687
893,27755,25686
894,27754,25685
895,27753,25684
896,27752,25683
897,27751,25682
898,27750,25681
899,27749,25680
900,27748,25679
901,27747,25678
902,27746,25677
903,27745,25676
904,27744,25675
905,27743,25674
906,27742,25673
907,27741,25672
908,27740,25671
909,27739,25670
910,27738,25669
911,27737,25668
912,27736,25667
913,27735,25666
914,27734,25665
915,27733,25664
916,27732,25663
917,27731,25662
918,27730,25661
919,27729,25660
920,27728,25659
921,27727,25658
922,27726,25657
923,27725,25656
924,27724,25655
925,27723,25654
926,27722,25653
927,27721,25652
928,27720,25651
929,27719,25650
930,27718,25649
931,27717,25648
932,27716,25647
933,27715,25646
934,27714,25645
935,27713,25644
936,27712,25643
937,27711,25642
938,27710,25641
939,27709,25640
940,27708,25639
941,27707,25638
942,27706,25637
943,27705,25636
944,27704,25635
945,27703,25634
946,27702,25633
947,27701,25632
948,27700,25631
949,27699,25630
950,27698,25629
951,27697,25628
952,27696,25627
953,27695,25626
954,27694,25625
955,27693,25624
956,27692,25623
957,27691,25622
958,27690,25621
959,27689,25620
960,27688,25619
961,27687,25618
962,27686,25617
963,27685,25616
964,27684,25615
965,27683,25614
966,27682,25613
967,27681,25612
968,27680,25611
969,27679,25610
970,27678,25609
971,27677,25608
972,27676,25607
973,27675,25606
974,27674,25605
975,27673,25604
976,27672,25603
977,27671,25602
978,27670,25601
979,27669,25600
980,27668,25599
981,27667,25598
982,27666,25597
983,27665,25596
984,27664,25595
985,27663,25594
986,27662,25593
987,27661,25592
988,27660,25591
989,27659,25590
990,27658,25589
991,27657,25588
992,27656,25587
993,27655,25586
994,27654,25585
995,27653,25584
996,27652,25583
997,27651,25582
998,27650,25581
999,27649,25580
1000,27648,25579
1001,27647,25578
1002,27646,25577
1003,27645,25576
1004,27644,25575
1005,27643,25574
1006,27642,25573
1007,27641,25572
1008,27640,25571
1009,27639,25570
1010,27638,25569
1011,27637,25568
1012,27636,25567
1013,27635,25566
1014,27634,25565
1015,27633,25564
1016,27632,25563
1017,27631,25562
1018,27630,25561
1019,27629,25560
1020,27628,25559
1021,27627,25558
1022,27626,25557
1023,27625,25556
1024,27624,25555
1025,27623,25554
1026,27622,25553
1027,27621,25552
1028,27620,25551
1029,27619,25550
1030,27618,25549
1031,27617,25548
1032,27616,25547
1033,27615,25546
1034,27614,25545
1035,27613,25544
1036,27612,25543
1037,27611,25542
1038,27610,25541
1039,27609,25540
1040,27608,25539
1041,27607,25538
1042,27606,25537
1043,27605,25536
1044,27604,25535
1045,27603,25534
1046,27602,25533
1047,27601,25532
1048,27600,25531
1049,27599,25530
1050,27598,25529
1051,27597,25528
1052,27596,25527
1053,27595,25526
1054,27594,25525
1055,27593,25524
1056,27592,25523
1057,27591,25522
1058,27590,25521
1059,27589,25520
1060,27588,25519
1061,27587,25518
1062,27586,25517
1063,27585,25516
1064,27584,25515
1065,27583,25514
1066,27582,25513
1067,27581,25512
1068,27580,25511
1069,27579,25510
1070,27578,25509
1071,27577,25508
1072,27576,25507
1073,27575,25506
1074,27574,25505
1075,27573,25504
1076,27572,25503
1077,27571,25502
1078,27570,25501
1079,27569,25500
1080,27568,25499
1081,27567,25498
1082,27566,25497
1083,27565,25496
1084,27564,25495
1085,27563,25494
1086,27562,25493
1087,27561,25492
1088,27560,25491
1089,27559,25490
1090,27558,25489
1091,27557,25488
1092,27556,25487
1093,27555,25486
1094,27554,25485
1095,27553,25484
1096,27552,25483
1097,27551,25482
1098,27550,25481
1099,27549,25480
1100,27548,25479
1101,27547,25478
1102,27546,25477
1103,27545,25476
1104,27544,25475
1105,27543,25474
1106,27542,25473
1107,27541,25472
1108,27540,25471
1109,27539,25470
1110,27538,25469
1111,27537,25468
1112,27536,25467
1113,27535,25466
1114,27534,25465
1115,27533,25464
1116,27532,25463
1117,27531,25462
1118,27530,25461
1119,27529,25460
1120,27528,25459
1121,27527,25458
1122,27526,25457
1123,27525,25456
1124,27524,25455
1125,27523,25454
1126,27522,25453
1127,27521,25452
1128,27520,25451
1129,27519,25450
1130,27518,25449
1131,27517,25448
1132,27516,25447
1133,27515,25446
1134,27514,25445
1135,27513,25444
1136,27512,25443
1137,27511,25442
1138,27510,25441
1139,27509,25440
1140,27508,25439
1141,27507,25438
1142,27506,25437
1143,27505,25436
1144,27504,25435
1145,27503,25434
1146,27502,25433
1147,27501,25432
1148,27500,25431
1149,27499,25430
1150,27498,25429
1151,27497,25428
1152,27496,25427
1153,27495,25426
1154,27494,25425
1155,27493,25424
1156,27492,25423
1157,27491,25422
1158,27490,25421
1159,27489,25420
1160,27488,25419
1161,27487,25418
1162,27486,25417
1163,27485,25416
1164,27484,25415
1165,27483,25414
1166,27482,25413
1167,27481,25412
1168,27480,25411
1169,27479,25410
1170,27478,25409
1171,27477,25408
1172,27476,25407
1173,27475,25406
1174,27474,25405
1175,27473,25404
1176,27472,25403
1177,27471,25402
1178,27470,25401
1179,27469,25400
1180,27468,25399
1181,27467,25398
1182,27466,24108
1183,27465,24107
1184,27464,24106
1185,27463,24105
1186,27462,24104
1187,27461,24103
1188,27460,24102
1189,27459,24101
1190,27458,24100
1191,27457,24099
1192,27456,24098
1193,27455,24097
1194,27454,24096
1195,27453,24095
1196,27452,24094
1197,27451,24093
1198,27450,24092
1199,27449,24091
1200,27448,24090
1201,27447,24089
1202,27446,24088
1203,27445,24087
1204,27444,24086
1205,27443,24085
1206,27442,24084
1207,27441,24083
1208,27440,24082
1209,27439,24081
1210,27438,24080
1211,27437,24079
1212,27436,24078
1213,27435,24077
1214,27434,24076
1215,27433,24075
1216,27432,24074
1217,27431,24073
1218,27430,24072
1219,27429,24071
1220,27428,24070
1221,27427,24069
1222,27426,24068
1223,27425,24067
1224,27424,24066
1225,27423,24065
1226,27422,24064
1227,27421,24063
1228,27420,24062
1229,27419,24061
1230,27418,24060
1231,27417,24059
1232,27416,24058
1233,27415,24057
1234,27414,24056
1235,27413,24055
1236,27412,24054
1237,27411,24053
1238,27410,24052
1239,27409,24051
1240,27408,24050
1241,27407,24049
1242,27406,24048
1243,27405,24047
1244,27404,24046
1245,27403,24045
1246,27402,24044
1247,27401,24043
1248,27400,24042
1249,27399,24041
1250,27398,24040
1251,27397,24039
1252,27396,24038
1253,27395,24037
1254,27394,24036
1255,27393,24035
1256,27392,24034
1257,27391,24033
1258,27390,24032
1259,27389,24031
1260,27388,24030
1261,27387,24029
1262,27386,24028
1263,27385,24027
1264,27384,24026
1265,27383,24025
1266,27382,24024
1267,27381,24023
1268,27380,24022
1269,27379,24021
1270,27378,24020
1271,27377,24019
1272,27376,24018
1273,27375,24017
1274,27374,24016
1275,27373,24015
1276,27372,24014
1277,27371,24013
1278,27370,24012
1279,27369,24011
1280,27368,24010
1281,27367,24009
1282,27366,24008
1283,27365,24007
1284,27364,24006
1285,27363,24005
1286,27362,24004
1287,27361,24003
1288,27360,24002
1289,27359,24001
1290,27358,24000
1291,27357,23999
1292,27356,23998
1293,27355,23997
1294,27354,23996
1295,27353,23995
1296,27352,23994
1297,27351,23993
1298,27350,23992
1299,27349,23991
1300,27348,23990
1301,27347,23989
1302,27346,23988
1303,27345,23987
1304,27344,23986
1305,27343,23985
1306,27342,23984
1307,27341,23983
1308,27340,23982
1309,27339,23981
1310,27338,23980
1311,27337,23979
1312,27336,23978
1313,27335,23977
1314,27334,23976
1315,27333,23975
1316,27332,23974
1317,27331,23973
1318,27330,23972
1319,27329,23971
1320,27328,23970
1321,27327,23969
1322,27326,23968
1323,27325,23967
1324,27324,23966
1325,27323,23965
1326,27322,23964
1327,27321,23963
1328,27320,23962
1329,27319,23961
1330,27318,23960
1331,27317,23959
1332,27316,23958
1333,27315,23957
1334,27314,23956
1335,27313,23955
1336,27312,23954
1337,27311,23953
1338,27310,23952
1339,27309,23951
1340,27308,23950
1341,27307,23949
1342,27306,23948
1343,27305,23947
1344,27304,23946
1345,27303,23945
1346,27302,23944
1347,27301,23943
1348,27300,23942
1349,27299,23941
1350,27298,23940
1351,27297,23939
1352,27296,23938
1353,27295,23937
1354,27294,23936
1355,27293,23935
1356,27292,23934
1357,27291,23933
1358,27290,23932
1359,27289,23931
1360,27288,23930
1361,27287,23929
1362,27286,23928
1363,27285,23927
1364,27284,23926
1365,27283,23925
1366,27282,23924
1367,27281,23923
1368,27280,23922
1369,27279,23921
1370,27278,23920
1371,27277,23919
1372,27276,23918
1373,27275,23917
1374,27274,23916
1375,27273,23915
1376,27272,23914
1377,27271,23913
1378,27270,23912
1379,27269,23911
1380,27268,23910
1381,27267,23909
1382,27266,23908
1383,27265,23907
1384,27264,23906
1385,27263,23905
1386,27262,23904
1387,27261,23903
1388,27260,23902
1389,27259,23901
1390,27258,23900
1391,27257,23899
1392,27256,23898
1393,27255,23897
1394,27254,23896
1395,27253,23895
1396,27252,23894
1397,27251,23893
1398,27250,23892
1399,27249,23891
1400,27248,23890
1401,27247,23889
1402,27246,23888
1403,27245,23887
1404,27244,23886
1405,27243,23885
1406,27242,23884
1407,27241,23883
1408,27240,23882
1409,27239,23881
1410,27238,23880
1411,27237,23879
1412,27236,23878
1413,27235,23877
1414,27234,23876
1415,27233,23875
1416,27232,23874
1417,27231,23873
1418,27230,23872
1419,27229,23871
1420,27228,23870
1421,27227,23869
1422,27226,23868
1423,27225,23867
1424,27224,23866
1425,27223,23865
1426,27222,23864
1427,27221,23863
1428,27220,23862
1429,27219,23861
1430,27218,23860
1431,27217,23859
1432,27216,23858
1433,27215,23857
1434,27214,23856
1435,27213,23855
1436,27212,23854
1437,27211,23853
1438,27210,23852
1439,27209,23851
1440,27208,23850
1441,27207,23849
1442,27206,23848
1443,27205,23847
1444,27204,23846
1445,27203,23845
1446,27202,23844
1447,27201,23843
1448,27200,23842
1449,27199,23841
1450,27198,23840
1451,27197,23839
1452,27196,23838
1453,27195,23837
1454,27194,23836
1455,27193,23835
1456,27192,23834
1457,27191,23833
1458,27190,23832
1459,27189,23831
1460,27188,23830
1461,27187,23829
1462,27186,23828
1463,27185,23827
1464,27184,23826
1465,27183,23825
1466,27182,23824
1467,27181,23823
1468,27180,23822
1469,27179,23821
1470,27178,23820
1471,27177,23819
1472,27176,23818
1473,27175,23817
1474,27174,23816
1475,27173,23815
1476,27172,23814
1477,27171,23813
1478,27170,23812
1479,27169,23811
1480,27168,23810
1481,27167,23809
1482,27166,23808
1483,27165,23807
1484,27164,23806
1485,27163,23805
1486,27162,23804
1487,27161,23803
1488,27160,23802
1489,27159,23801
1490,27158,23800
1491,27157,23799
1492,27156,23798
1493,27155,23797
1494,27154,23796
1495,27153,23795
1496,27152,23794
1497,27151,23793
1498,27150,23792
1499,27149,23791
1500,27148,23790
1501,27147,23789
1502,27146,23788
1503,27145,23787
1504,27144,23786
1505,27143,23785
1506,27142,23784
1507,27141,23783
1508,27140,23782
1509,27139,23781
1510,27138,23780
1511,27137,23779
1512,27136,23778
1513,27135,23777
1514,27134,23776
1515,27133,23775
1516,27132,23774
1517,27131,23773
1518,27130,23772
1519,27129,23771
1520,27128,23770
1521,27127,23769
1522,27126,23768
1523,27125,23767
1524,27124,23766
1525,27123,23765
1526,27122,23764
1527,27121,23763
1528,27120,23762
1529,27119,23761
1530,27118,23760
1531,27117,23759
1532,27116,23758
1533,27115,23757
1534,27114,23756
1535,27113,23755
1536,27112,23754
1537,27111,23753
1538,27110,23752
1539,27109,23751
1540,27108,23750
1541,27107,23749
1542,27106,23748
1543,27105,23747
1544,27104,23746
1545,27103,23745
1546,27102,23744
1547,27101,23743
1548,27100,23742
1549,27099,23741
1550,27098,23740
1551,27097,23739
1552,27096,23738
1553,27095,23737
1554,27094,23736
1555,27093,23735
1556,27092,23734
1557,27091,23733
1558,27090,23732
1559,27089,23731
1560,27088,23730
1561,27087,23729
1562,27086,23728
1563,27085,23727
1564,27084,23726
1565,27083,23725
1566,27082,23724
1567,27081,23723
1568,27080,23722
1569,27079,23721
1570,27078,23720
1571,27077,23719
1572,27076,23718
1573,27075,23717
1574,27074,23716
1575,27073,23715
1576,27072,23714
1577,27071,23713
1578,27070,23712
1579,27069,23711
1580,27068,23710
1581,27067,23709
1582,27066,23708
1583,27065,23707
1584,27064,23706
1585,27063,23705
1586,27062,23704
1587,27061,23703
1588,27060,23702
1589,27059,23701
1590,27058,23700
1591,27057,23699
1592,27056,23698
1593,27055,23697
1594,27054,23696
1595,27053,23695
1596,27052,23694
1597,27051,23693
1598,27050,23692
1599,27049,23691
1600,27048,23690
1601,27047,23689
1602,27046,23688
1603,27045,23687
1604,27044,23686
1605,27043,23685
1606,27042,23684
1607,27041,23683
1608,27040,23682
1609,27039,23681
1610,27038,23680
1611,27037,23679
1612,27036,23678
1613,27035,23677
1614,27034,23676
1615,27033,23675
1616,27032,23674
1617,27031,23673
1618,27030,23672
1619,27029,23671
1620,27028,23670
1621,27027,23669
1622,27026,23668
1623,27025,23667
1624,27024,23666
1625,27023,23665
1626,27022,23664
1627,27021,23663
1628,27020,23662
1629,27019,23661
1630,27018,23660
1631,27017,23659
1632,27016,23658
1633,27015,23657
1634,27014,23656
1635,27013,23655
1636,27012,23654
1637,27011,23653
1638,27010,23652
1639,27009,23651
1640,27008,23650
1641,27007,23649
1642,27006,23648
1643,27005,23647
1644,27004,23646
1645,27003,23645
1646,27002,23644
1647,27001,23643
1648,27000,23642
1649,26999,23641
1650,26998,23640
1651,26997,23639
1652,26996,23638
1653,26995,23637
1654,26994,23636
1655,26993,23635
1656,26992,23634
1657,26991,23633
1658,26990,23632
1659,26989,23631
1660,26988,23630
1661,26987,23629
1662,26986,23628
1663,26985,23627
1664,26984,23626
1665,26983,23625
1666,26982,23624
1667,26981,23623
1668,26980,23622
1669,26979,23621
1670,26978,23620
1671,26977,23619
1672,26976,23618
1673,26975,23617
1674,26974,23616
1675,26973,23615
1676,26972,23614
1677,26971,23613
1678,26970,23612
1679,26969,23611
1680,26968,23610
1681,26967,23609
1682,26966,23608
1683,26965,23607
1684,26964,23606
1685,26963,23605
1686,26962,23604
1687,26961,23603
1688,26960,23602
1689,26959,23601
1690,26958,23600
1691,26957,23599
1692,26956,23598
1693,26955,23597
1694,26954,23596
1695,26953,23595
1696,26952,23594
1697,26951,23593
1698,26950,23592
1699,26949,23591
1700,26948,23590
1701,26947,23589
1702,26946,23588
1703,26945,23587
1704,26944,23586
1705,26943,23585
1706,26942,23584
1707,26941,23583
1708,26940,23582
1709,26939,23581
1710,26938,23580
1711,26937,23579
1712,26936,23578
1713,26935,23577
1714,26934,23576
1715,26933,23575
1716,26932,23574
1717,26931,23573
1718,26930,23572
1719,26929,23571
1720,26928,23570
1721,26927,23569
1722,26926,23568
1723,26925,23567
1724,26924,23566
1725,26923,23565
1726,26922,23564
1727,26921,23563
1728,26920,23562
1729,26919,23561
1730,26918,23560
1731,26917,21915
1732,26916,21914
1733,26915,21913
1734,26914,21912
1735,26913,21911
1736,26912,21910
1737,26911,21909
1738,26910,21908
1739,26909,21907
1740,26908,21906
1741,26907,21905
1742,26906,21904
1743,26905,21903
1744,26904,21902
1745,26903,21901
1746,26902,21900
1747,26901,21899
1748,26900,21898
1749,26899,21897
1750,26898,21896
1751,26897,21895
1752,26896,21894
1753,26895,21893
1754,26894,21892
1755,26893,21891
1756,26892,21890
1757,26891,21889
1758,26890,21888
1759,26889,21887
1760,26888,21886
1761,26887,21885
1762,26886,21884
1763,26885,21883
1764,26884,21882
1765,26883,21881
1766,26882,21880
1767,26881,21879
1768,26880,21878
1769,26879,21877
1770,26878,21876
1771,26877,21875
1772,26876,21874
1773,26875,21873
1774,26874,21872
1775,26873,21871
1776,26872,21870
1777,26871,21869
1778,26870,21868
1779,26869,21867
1780,26868,21866
1781,26867,21865
1782,26866,21864
1783,26865,21863
1784,26864,21862
1785,26863,21861
1786,26862,21860
1787,26861,21859
1788,26860,21858
1789,26859,21857
1790,26858,21856
1791,26857,21855
1792,26856,21854
1793,26855,21853
1794,26854,21852
1795,26853,21851
1796,26852,21850
1797,26851,21849
1798,26850,21848
1799,26849,21847
1800,26848,21846
1801,26847,21845
1802,26846,21844
1803,26845,21843
1804,26844,21842
1805,26843,21841
1806,26842,21840
1807,26841,21839
1808,26840,21838
1809,26839,21837
1810,26838,21836
1811,26837,21835
1812,26836,21834
1813,26835,21833
1814,26834,21832
1815,26833,21831
1816,26832,21830
1817,26831,21829
1818,26830,21828
1819,26829,21827
1820,26828,21826
1821,26827,21825
1822,26826,21824
1823,26825,21823
1824,26824,21822
1825,26823,21821
1826,26822,21820
1827,26821,21819
1828,26820,21818
1829,26819,21817
1830,26818,21816
1831,26817,21815
1832,26816,21814
1833,26815,21813
1834,26814,21812
1835,26813,21811
1836,26812,21810
1837,26811,21809
1838,26810,21808
1839,26809,21807
1840,26808,21806
1841,26807,21805
1842,26806,21804
1843,26805,21803
1844,26804,21802
1845,26803,21801
1846,26802,21800
1847,26801,21799
1848,26800,21798
1849,26799,21797
1850,26798,21796
1851,26797,21795
1852,26796,21794
1853,26795,21793
1854,26794,21792
1855,26793,21791
1856,26792,21790
1857,26791,21789
1858,26790,21788
1859,26789,21787
1860,26788,21786
1861,26787,21785
1862,26786,21784
1863,26785,21783
1864,26784,21782
1865,26783,21781
1866,26782,21780
1867,26781,21779
1868,26780,21778
1869,26779,21777
1870,26778,21776
1871,26777,21775
1872,26776,21774
1873,26775,21773
1874,26774,21772
1875,26773,21771
1876,26772,21770
1877,26771,21769
1878,26770,21768
1879,26769,21767
1880,26768,21766
1881,26767,21765
1882,26766,21764
1883,26765,21763
1884,26764,21762
1885,26763,21761
1886,26762,21760
1887,26761,21759
1888,26760,21758
1889,26759,21757
1890,26758,21756
1891,26757,21755
1892,26756,21754
1893,26755,21753
1894,26754,21745
1895,26753,21744
1896,26752,21743
1897,26751,21742
1898,26750,21741
1899,26749,21740
1900,26748,21739
1901,26747,21738
1902,26746,21737
1903,26745,21736
1904,26744,21735
1905,26743,21734
1906,26742,21733
1907,26741,21732
1908,26740,21731
1909,26739,21730
1910,26738,21729
1911,26737,21728
1912,26736,21727
1913,26735,21726
1914,26734,21725
1915,26733,21724
1916,26732,21723
1917,26731,21722
1918,26730,21721
1919,26729,21720
1920,26728,21719
1921,26727,21718
1922,26726,21717
1923,26725,21716
1924,26724,21715
1925,26723,21714
1926,26722,21713
1927,26721,21712
1928,26720,21711
1929,26719,21710
1930,26718,21709
1931,26717,21708
1932,26716,21707
1933,26715,21706
1934,26714,21705
1935,26713,21704
1936,26712,21703
1937,26711,21702
1938,26710,21701
1939,26709,21700
1940,26708,21699
1941,26707,21698
1942,26706,21697
1943,26705,21696
1944,26704,21695
1945,26703,21694
1946,26702,21693
1947,26701,21692
1948,26700,21691
1949,26699,21690
1950,26698,21689
1951,26697,21688
1952,26696,21687
1953,26695,21686
1954,26694,21685
1955,26693,21684
1956,26692,21683
1957,26691,21682
1958,26690,21681
1959,26689,21680
1960,26688,21679
1961,26687,21678
1962,26686,21677
1963,26685,21676
1964,26684,21675
1965,26683,21674
1966,26682,21673
1967,26681,21672
1968,26680,21671
1969,26679,21670
1970,26678,21669
1971,26677,21668
1972,26676,21667
1973,26675,21666
1974,26674,21665
1975,26673,21664
1976,26672,21663
1977,26671,21662
1978,26670,21661
1979,26669,21660
1980,26668,21659
1981,26667,21658
1982,26666,21657
1983,26665,21656
1984,26664,21655
1985,26663,21654
1986,26662,21653
1987,26661,21652
1988,26660,21651
1989,26659,21650
1990,26658,21649
1991,26657,21648
1992,26656,21647
1993,26655,21646
1994,26654,21645
1995,26653,21644
1996,26652,21643
1997,26651,21642
1998,26650,21641
1999,26649,21640
2000,26648,21639
2001,26647,21638
2002,26646,21637
2003,26645,21636
2004,26644,21635
2005,26643,21634
2006,26642,21633
2007,26641,21632
2008,26640,21631
2009,26639,21630
2010,26638,21629
2011,26637,21628
2012,26636,21627
2013,26635,21626
2014,26634,21625
2015,26633,21624
2016,26632,21623
2017,26631,21622
2018,26630,21621
2019,26629,21620
2020,26628,21619
2021,26627,21618
2022,26626,21617
2023,26625,21616
2024,26624,21615
2025,26623,21614
2026,26622,21613
2027,26621,21612
2028,26620,21611
2029,26619,21610
2030,26618,21609
2031,26617,21608
2032,26616,21607
2033,26615,21606
2034,26614,21605
2035,26613,21604
2036,26612,21603
2037,26611,21602
2038,26610,21601
2039,26609,21600
2040,26608,21599
2041,26607,21598
2042,26606,21597
2043,26605,21596
2044,26604,21595
2045,26603,21594
2046,26602,21593
2047,26601,21592
2048,26600,21591
2049,26599,21590
2050,26598,21589
2051,26597,21588
2052,26596,21587
2053,26595,21586
2054,26594,21585
2055,26593,21584
2056,26592,21583
2057,26591,21582
2058,26590,21581
2059,26589,21580
2060,26588,21579
2061,26587,21578
2062,26586,21577
2063,26585,21576
2064,26584,21575
2065,26583,21574
2066,26582,21573
2067,26581,21572
2068,26580,21571
2069,26579,21570
2070,26578,21569
2071,26577,21568
2072,26576,21567
2073,26575,21566
2074,26574,21565
2075,26573,21564
2076,26572,21563
2077,26571,21562
2078,26570,21561
2079,26569,21560
2080,26568,21559
2081,26567,21558
2082,26566,21557
2083,26565,21556
2084,26564,21555
2085,26563,21554
2086,26562,21553
2087,26561,21552
2088,26560,21551
2089,26559,21550
2090,26558,21549
2091,26557,21548
2092,26556,21547
2093,26555,21546
2094,26554,21545
2095,26553,21544
2096,26552,21543
2097,26551,21542
2098,26550,21541
2099,26549,21540
2100,26548,21539
2101,26547,21538
2102,26546,21537
2103,26545,21536
2104,26544,21535
2105,26543,21534
2106,26542,21533
2107,26541,21532
2108,26540,21531
2109,26539,21530
2110,26538,21529
2111,26537,21528
2112,26536,21527
2113,26535,21526
2114,26534,21525
2115,26533,21524
2116,26532,21523
2117,26531,21522
2118,26530,21521
2119,26529,21520
2120,26528,21519
2121,26527,21518
2122,26526,21517
2123,26525,21516
2124,26524,21515
2125,26523,21514
2126,26522,21513
2127,26521,21512
2128,26520,21511
2129,26519,21510
2130,26518,21509
2131,26517,21508
2132,26516,21507
2133,26515,21506
2134,26514,21505
2135,26513,21504
2136,26512,21503
2137,26511,21502
2138,26510,21501
2139,26509,21500
2140,26508,21499
2141,26507,21498
2142,26506,21497
2143,26505,21496
2144,26504,21495
2145,26503,21494
2146,26502,21493
2147,26501,21492
2148,26500,21491
2149,26499,21490
2150,26498,21489
2151,26497,21488
2152,26496,21487
2153,26495,21486
2154,26494,21485
2155,26493,21484
2156,26492,21483
2157,26491,21482
2158,26490,21481
2159,26489,21480
2160,26488,21479
2161,26487,21478
2162,26486,21477
2163,26485,21476
2164,26484,21475
2165,26483,21474
2166,26482,21473
2167,26481,21472
2168,26480,21471
2169,26479,21470
2170,26478,21469
2171,26477,21468
2172,26476,21467
2173,26475,21466
2174,26474,21465
2175,26473,21464
2176,26472,21463
2177,26471,21462
2178,26470,21461
2179,26469,21460
2180,26468,21459
2181,26467,21458
2182,26466,21457
2183,26465,21456
2184,26464,21455
2185,26463,21454
2186,26462,21453
2187,26461,21452
2188,26460,21451
2189,26459,21450
2190,26458,21449
2191,26457,21448
2192,26456,21447
2193,26455,21446
2194,26454,21445
2195,26453,21444
2196,26452,21443
2197,26451,21442
2198,26450,21441
2199,26449,21440
2200,26448,21439
2201,26447,21438
2202,26446,21437
2203,26445,21436
2204,26444,21435
2205,26443,21434
2206,26442,21433
2207,26441,21432
2208,26440,21431
2209,26439,21430
2210,26438,21429
2211,26437,21428
2212,26436,21427
2213,26435,21426
2214,26434,21425
2215,26433,21424
2216,26432,21423
2217,26431,21422
2218,26430,21421
2219,26429,21420
2220,26428,21419
2221,26427,21418
2222,26426,21417
2223,26425,21416
2224,26424,21415
2225,26423,21414
2226,26422,21413
2227,26421,21412
2228,26420,21411
2229,26419,21410
2230,26418,21409
2231,26417,21408
2232,26416,21407
2233,26415,21406
2234,26414,21405
2235,26413,21404
2236,26412,21403
2237,26411,21402
2238,26410,21401
2239,26409,21400
2240,26408,21399
2241,26407,21398
2242,26406,21397
2243,26405,21396
2244,26404,21395
2245,26403,21394
2246,26402,21393
2247,26401,21392
2248,26400,21391
2249,26399,21390
2250,26398,21389
2251,26397,21388
2252,26396,21387
2253,26395,21386
2254,26394,21385
2255,26393,21384
2256,26392,21383
2257,26391,21382
2258,26390,21381
2259,26389,21380
2260,26388,21379
2261,26387,21378
2262,26386,21377
2263,26385,21376
2264,26384,21375
2265,26383,21374
2266,26382,21373
2267,26381,21372
2268,26380,21371
2269,26379,21370
2270,26378,21369
2271,26377,21368
2272,26376,21367
2273,26375,21366
2274,26374,21365
2275,26373,21364
2276,26372,21363
2277,26371,21362
2278,26370,21361
2279,26369,21360
2280,26368,21359
2281,26367,21358
2282,26366,21357
2283,26365,21356
2284,26364,21355
2285,26363,21354
2286,26362,21353
2287,26361,21352
2288,26360,21351
2289,26359,21350
2290,26358,21349
2291,26357,21348
2292,26356,21347
2293,26355,21346
2294,26354,21345
2295,26353,21344
2296,26352,21343
2297,26351,21342
2298,26350,21341
2299,26349,21340
2300,26348,21339
2301,26347,21338
2302,26346,21337
2303,26345,21336
2304,26344,21335
2305,26343,21334
2306,26342,21333
2307,26341,21332
2308,26340,21331
2309,26339,21330
2310,26338,21329
2311,26337,21328
2312,26336,21327
2313,26335,21326
2314,26334,21325
2315,26333,21324
2316,26332,21323
2317,26331,21322
2318,26330,21321
2319,26329,21320
2320,26328,21319
2321,26327,21318
2322,26326,21317
2323,26325,21316
2324,26324,21315
2325,26323,21314
2326,26322,21313
2327,26321,21312
2328,26320,21311
2329,26319,21310
2330,26318,21309
2331,26317,21308
2332,26316,21307
2333,26315,21306
2334,26314,21305
2335,26313,21304
2336,26312,21303
2337,26311,21302
2338,26310,21301
2339,26309,21300
2340,26308,21299
2341,26307,21298
2342,26306,21297
2343,26305,21296
2344,26304,21295
2345,26303,21294
2346,26302,21293
2347,26301,21292
2348,26300,21291
2349,26299,21290
2350,26298,21289
2351,26297,21288
2352,26296,21287
2353,26295,21286
2354,26294,21285
2355,26293,21284
2356,26292,21283
2357,26291,21282
2358,26290,21281
2359,26289,21280
2360,26288,21279
2361,26287,21278
2362,26286,21277
2363,26285,21276
2364,26284,21275
2365,26283,21274
2366,26282,21273
2367,26281,21272
2368,26280,21271
2369,26279,21270
2370,26278,21269
2371,26277,21268
2372,26276,21267
2373,26275,21266
2374,26274,21265
2375,26273,21264
2376,26272,21263
2377,26271,21262
2378,26270,21261
2379,26269,21260
2380,26268,21259
2381,26267,21258
2382,26266,21257
2383,26265,21256
2384,26264,21255
2385,26263,21254
2386,26262,21253
2387,26261,21252
2388,26260,21251
2389,26259,21250
2390,26258,21249
2391,26257,21248
2392,26256,21247
2393,26255,21246
2394,26254,21245
2395,26253,21244
2396,26252,21243
2397,26251,21242
2398,26250,21241
2399,26249,21240
2400,26248,21239
2401,26247,21238
2402,26246,21237
2403,26245,21236
2404,26244,21235
2405,26243,21234
2406,26242,21233
2407,26241,21232
2408,26240,21231
2409,26239,21230
2410,26238,21229
2411,26237,21228
2412,26236,21227
2413,26235,21226
2414,26234,21225
2415,26233,21224
2416,26232,21223
2417,26231,21222
2418,26230,21221
2419,26229,21220
2420,26228,21219
2421,26227,21218
2422,26226,21217
2423,26225,21216
2424,26224,21215
2425,26223,21214
2426,26222,21213
2427,26221,21212
2428,26220,21211
2429,26219,21210
2430,26218,21209
2431,26217,21208
2432,26216,21207
2433,26215,21206
2434,26214,21205
2435,26213,21204
2436,26212,21203
2437,26211,21202
2438,26210,21201
2439,26209,21200
2440,26208,21199
2441,26207,21198
2442,26206,21197
2443,26205,21196
2444,26204,21195
2445,26203,21194
2446,26202,21193
2447,26201,21192
2448,26200,21191
2449,26199,21190
2450,26198,21189
2451,26197,21188
2452,26196,21187
2453,26195,21186
2454,26194,21185
2455,26193,21184
2456,26192,21183
2457,26191,21182
2458,26190,21181
2459,26189,21180
2460,26188,21179
2461,26187,21178
2462,26186,21177
2463,26185,21176
2464,26184,21175
2465,26183,21174
2466,26182,21173
2467,26181,21172
2468,26180,21171
2469,26179,21170
2470,26178,21169
2471,26177,21168
2472,26176,21167
2473,26175,21166
2474,26174,21165
2475,26173,21164
2476,26172,21163
2477,26171,21162
2478,26170,21161
2479,26169,21160
2480,26168,21159
2481,26167,21158
2482,26166,21157
2483,26165,21156
2484,26164,21155
2485,26163,21154
2486,26162,21153
2487,26161,21152
2488,26160,21151
2489,26159,21150
2490,26158,21149
2491,26157,21148
2492,26156,21147
2493,26155,21146
2494,26154,21145
2495,26153,21144
2496,26152,21143
2497,26151,21142
2498,26150,21141
2499,26149,21140
2500,26148,21139
2501,26147,21138
2502,26146,21137
2503,26145,21136
2504,26144,21135
2505,26143,21134
2506,26142,21133
2507,26141,21132
2508,26140,21131
2509,26139,21130
2510,26138,21129
2511,26137,21128
2512,26136,19377
2513,26135,19376
2514,26134,19375
2515,26133,19374
2516,26132,19373
2517,26131,19372
2518,26130,19371
2519,26129,19370
2520,26128,19369
2521,26127,19368
2522,26126,19367
2523,26125,19366
2524,26124,19365
2525,26123,19364
2526,26122,19363
2527,26121,19362
2528,26120,19361
2529,26119,19360
2530,26118,19359
2531,26117,19358
2532,26116,19357
2533,26115,19356
2534,26114,19355
2535,26113,19354
2536,26112,19353
2537,26111,19352
2538,26110,19351
2539,26109,19350
2540,26108,19349
2541,26107,19348
2542,26106,19347
2543,26105,19346
2544,26104,19345
2545,26103,19344
2546,26102,19343
2547,26101,19342
2548,26100,19341
2549,26099,19340
2550,26098,19339
2551,26097,19338
2552,26096,19337
2553,26095,19336
2554,26094,19335
2555,26093,19334
2556,26092,19333
2557,26091,19332
2558,26090,19331
2559,26089,19330
2560,26088,19329
2561,26087,19328
2562,26086,19327
2563,26085,19326
2564,26084,19325
2565,26083,19324
2566,26082,19323
2567,26081,19322
2568,26080,19321
2569,26079,19320
2570,26078,19319
2571,26077,19318
2572,26076,19317
2573,26075,19316
2574,26074,19315
2575,26073,19314
2576,26072,19313
2577,26071,19312
2578,26070,19311
2579,26069,19310
2580,26068,19309
2581,26067,19308
2582,26066,19307
2583,26065,19306
2584,26064,19305
2585,26063,19304
2586,26062,19303
2587,26061,19302
2588,26060,19301
2589,26059,19300
2590,26058,19299
2591,26057,19298
2592,26056,19297
2593,26055,19296
2594,26054,19295
2595,26053,19294
2596,26052,19293
2597,26051,19292
2598,26050,19291
2599,26049,19290
2600,26048,19289
2601,26047,19288
2602,26046,19287
2603,26045,19286
2604,26044,19285
2605,26043,19284
2606,26042,19283
2607,26041,19282
2608,26040,19281
2609,26039,19280
2610,26038,19279
2611,26037,19278
2612,26036,19277
2613,26035,19276
2614,26034,19275
2615,26033,19274
2616,26032,19273
2617,26031,19272
2618,26030,19271
2619,26029,19270
2620,26028,19269
2621,26027,19268
2622,26026,19267
2623,26025,19266
2624,26024,19265
2625,26023,19264
2626,26022,19263
2627,26021,19262
2628,26020,19261
2629,26019,19260
2630,26018,19259
2631,26017,19258
2632,26016,19257
2633,26015,19256
2634,26014,19255
2635,26013,19254
2636,26012,19253
2637,26011,19252
2638,26010,19251
2639,26009,19250
2640,26008,19249
2641,26007,19248
2642,26006,19247
2643,26005,19246
2644,26004,19245
2645,26003,19244
2646,26002,19243
2647,26001,19242
2648,26000,19241
2649,25999,19240
2650,25998,19239
2651,25997,19238
2652,25996,19237
2653,25995,19236
2654,25994,19235
2655,25993,19234
2656,25992,19233
2657,25991,19232
2658,25990,19231
2659,25989,19230
2660,25988,19229
2661,25987,19228
2662,25986,19227
2663,25985,19226
2664,25984,19225
2665,25983,19224
2666,25982,19223
2667,25981,19222
2668,25980,19221
2669,25979,19220
2670,25978,19219
2671,25977,19218
2672,25976,19217
2673,25975,19216
2674,25974,19215
2675,25973,19214
2676,25972,19213
2677,25971,19212
2678,25970,19211
2679,25969,19210
2680,25968,19209
2681,25967,19208
2682,25966,19207
2683,25965,19206
2684,25964,19205
2685,25963,19204
2686,25962,19203
2687,25961,19202
2688,25960,19201
2689,25959,19200
2690,25958,19199
2691,25957,19198
2692,25956,19197
2693,25955,19196
2694,25954,19195
2695,25953,19194
2696,25952,19193
2697,25951,19192
2698,25950,19191
2699,25949,19190
2700,25948,19189
2701,25947,19188
2702,25946,19187
2703,25945,19186
2704,25944,19185
2705,25943,19184
2706,25942,19183
2707,25941,19182
2708,25940,19181
2709,25939,19180
2710,25938,19179
2711,25937,19178
2712,25936,19177
2713,25935,19176
2714,25934,19175
2715,25933,19174
2716,25932,19173
2717,25931,19172
2718,25930,19171
2719,25929,19170
2720,25928,19169
2721,25927,19168
2722,25926,19167
2723,25925,19166
2724,25924,19165
2725,25923,19164
2726,25922,19163
2727,25921,19162
2728,25920,19161
2729,25919,19160
2730,25918,19159
2731,25917,19158
2732,25916,19157
2733,25915,19156
2734,25914,19155
2735,25913,19154
2736,25912,19153
2737,25911,19152
2738,25910,19151
2739,25909,19150
2740,25908,19149
2741,25907,19148
2742,25906,19147
2743,25905,19146
2744,25904,19145
2745,25903,19144
2746,25902,19143
2747,25901,19142
2748,25900,19141
2749,25899,19140
2750,25898,19139
2751,25897,19138
2752,25896,19137
2753,25895,19136
2754,25894,19135
2755,25893,19134
2756,25892,19133
2757,25891,19132
2758,25890,19131
2759,25889,19130
2760,25888,19129
2761,25887,19128
2762,25886,19127
2763,25885,19126
2764,25884,19125
2765,25883,19124
2766,25882,19123
2767,25881,19122
2768,25880,19121
2769,25879,19120
2770,25878,19119
2771,25877,19118
2772,25876,19117
2773,25875,19116
2774,25874,19115
2775,25873,19114
2776,25872,19113
2777,25871,19112
2778,25870,19111
2779,25869,19110
2780,25868,19109
2781,25867,19108
2782,25866,19107
2783,25865,19106
2784,25864,19105
2785,25863,19104
2786,25862,19103
2787,25861,19102
2788,25860,19101
2789,25859,19100
2790,25858,19099
2791,25857,19098
2792,25856,19097
2793,25855,19096
2794,25854,19095
2795,25853,19094
2796,25852,19093
2797,25851,19092
2798,25850,19091
2799,25849,19090
2800,25848,19089
2801,25847,19088
2802,25846,19087
2803,25845,19086
2804,25844,19085
2805,25843,19084
2806,25842,19083
2807,25841,19082
2808,25840,19081
2809,25839,19080
2810,25838,19079
2811,25837,19078
2812,25836,19077
2813,25835,19076
2814,25834,19075
2815,25833,19074
2816,25832,19073
2817,25831,19072
2818,25830,19071
2819,25829,19070
2820,25828,19069
2821,25827,19068
2822,25826,19067
2823,25825,19066
2824,25824,19065
2825,25823,19064
2826,25822,19063
2827,25821,19062
2828,25820,19061
2829,25819,19060
2830,25818,19059
2831,25817,19058
2832,25816,19057
2833,25815,19056
2834,25814,19055
2835,25813,19054
2836,25812,19053
2837,25811,19052
2838,25810,19051
2839,25809,19050
2840,25808,19049
2841,25807,19048
2842,25806,19047
2843,25805,19046
2844,25804,19045
2845,25803,19044
2846,25802,19043
2847,25801,19042
2848,25800,19041
2849,25799,19040
2850,25798,19039
2851,25797,19038
2852,25796,19037
2853,25795,19036
2854,25794,19035
2855,25793,19034
2856,25792,19033
2857,25791,19032
2858,25790,19031
2859,25789,19030
2860,25788,19029
2861,25787,19028
2862,25786,19027
2863,25785,19026
2864,25784,19025
2865,25783,19024
2866,25782,19023
2867,25781,19022
2868,25780,19021
2869,25779,19020
2870,25778,19019
2871,25777,19018
2872,25776,19017
2873,25775,19016
2874,25774,19015
2875,25773,19014
2876,25772,19013
2877,25771,19012
2878,25770,19011
2879,25769,19010
2880,25768,19009
2881,25767,19008
2882,25766,19007
2883,25765,19006
2884,25764,19005
2885,25763,19004
2886,25762,19003
2887,25761,19002
2888,25760,19001
2889,25759,19000
2890,25758,18999
2891,25757,18998
2892,25756,18997
2893,25755,18996
2894,25754,18995
2895,25753,18994
2896,25752,18993
2897,25751,18992
2898,25750,18991
2899,25749,18990
2900,25748,18989
2901,25747,18988
2902,25746,18987
2903,25745,18986
2904,25744,18985
2905,25743,18984
2906,25742,18983
2907,25741,18982
2908,25740,18981
2909,25739,18980
2910,25738,18979
2911,25737,18978
2912,25736,18977
2913,25735,18976
2914,25734,18975
2915,25733,18974
2916,25732,18973
2917,25731,18972
2918,25730,18971
2919,25729,18970
2920,25728,18969
2921,25727,18968
2922,25726,18967
2923,25725,18966
2924,25724,18965
2925,25723,18964
2926,25722,18963
2927,25721,18962
2928,25720,18961
2929,25719,18960
2930,25718,18959
2931,25717,18958
2932,25716,18957
2933,25715,18956
2934,25714,18955
2935,25713,18954
2936,25712,18953
2937,25711,18952
2938,25710,18951
2939,25709,18950
2940,25708,18949
2941,25707,18948
2942,25706,18947
2943,25705,18946
2944,25704,18945
2945,25703,18944
2946,25702,18943
2947,25701,18942
2948,25700,18941
2949,25699,18940
2950,25698,18939
2951,25697,18938
2952,25696,18937
2953,25695,18936
2954,25694,18935
2955,25693,18934
2956,25692,18933
2957,25691,18932
2958,25690,18931
2959,25689,18930
2960,25688,18929
2961,25687,18928
2962,25686,18927
2963,25685,18926
2964,25684,18925
2965,25683,18924
2966,25682,18923
2967,25681,18922
2968,25680,18921
2969,25679,18920
2970,25678,18919
2971,25677,18918
2972,25676,18917
2973,25675,18916
2974,25674,18915
2975,25673,18914
2976,25672,18913
2977,25671,18912
2978,25670,18911
2979,25669,18910
2980,25668,18909
2981,25667,18908
2982,25666,18907
2983,25665,18906
2984,25664,18905
2985,25663,18904
2986,25662,18903
2987,25661,18902
2988,25660,18901
2989,25659,18900
2990,25658,18899
2991,25657,18898
2992,25656,18897
2993,25655,18896
2994,25654,18895
2995,25653,18894
2996,25652,18893
2997,25651,18892
2998,25650,18891
2999,25649,18890
3000,25648,18889
3001,25647,18888
3002,25646,18887
3003,25645,18886
3004,25644,18885
3005,25643,18884
3006,25642,18883
3007,25641,18882
3008,25640,18881
3009,25639,18880
3010,25638,18879
3011,25637,18878
3012,25636,18877
3013,25635,18876
3014,25634,18875
3015,25633,18874
3016,25632,18873
3017,25631,18872
3018,25630,18871
3019,25629,18870
3020,25628,18869
3021,25627,18868
3022,25626,18867
3023,25625,18866
3024,25624,18865
3025,25623,18864
3026,25622,18863
3027,25621,18862
3028,25620,18861
3029,25619,18860
3030,25618,17305
3031,25617,17304
3032,25616,17303
3033,25615,17302
3034,25614,17301
3035,25613,17300
3036,25612,17299
3037,25611,17298
3038,25610,17297
3039,25609,17296
3040,25608,17295
3041,25607,17294
3042,25606,17293
3043,25605,17292
3044,25604,17291
3045,25603,17290
3046,25602,17289
3047,25601,17288
3048,25600,17287
3049,25599,17286
3050,25598,17285
3051,25597,17284
3052,25596,17283
3053,25595,17282
3054,25594,17281
3055,25593,17280
3056,25592,17279
3057,25591,17278
3058,25590,17277
3059,25589,17276
3060,25588,17275
3061,25587,17274
3062,25586,17273
3063,25585,17272
3064,25584,17271
3065,25583,17270
3066,25582,17269
3067,25581,17268
3068,25580,17267
3069,25579,17266
3070,25578,17265
3071,25577,17264
3072,25576,17263
3073,25575,17262
3074,25574,17261
3075,25573,17260
3076,25572,17259
3077,25571,17258
3078,25570,17257
3079,25569,17256
3080,25568,17255
3081,25567,17254
3082,25566,17253
3083,25565,17252
3084,25564,17251
3085,25563,17250
3086,25562,17249
3087,25561,17248
3088,25560,17247
3089,25559,17246
3090,25558,17245
3091,25557,17244
3092,25556,17243
3093,25555,17242
3094,25554,17241
3095,25553,17240
3096,25552,17239
3097,25551,17238
3098,25550,17237
3099,25549,17236
3100,25548,17235
3101,25547,17234
3102,25546,17233
3103,25545,17232
3104,25544,17231
3105,25543,17230
3106,25542,17229
3107,25541,17228
3108,25540,17227
3109,25539,17226
3110,25538,17225
3111,25537,17224
3112,25536,17223
3113,25535,17222
3114,25534,17221
3115,25533,17220
3116,25532,17219
3117,25531,17218
3118,25530,17217
3119,25529,17216
3120,25528,17215
3121,25527,17214
3122,25526,17213
3123,25525,17212
3124,25524,17211
3125,25523,17210
3126,25522,17209
3127,25521,17208
3128,25520,17207
3129,25519,17206
3130,25518,17205
3131,25517,17204
3132,25516,17203
3133,25515,17202
3134,25514,17201
3135,25513,17200
3136,25512,17199
3137,25511,17198
3138,25510,17197
3139,25509,17196
3140,25508,17195
3141,25507,17194
3142,25506,17193
3143,25505,17192
3144,25504,17191
3145,25503,17190
3146,25502,17189
3147,25501,17188
3148,25500,17187
3149,25499,17186
3150,25498,17185
3151,25497,17184
3152,25496,17183
3153,25495,17182
3154,25494,17181
3155,25493,17180
3156,25492,17179
3157,25491,17178
3158,25490,17177
3159,25489,17176
3160,25488,17175
3161,25487,17174
3162,25486,17173
3163,25485,17172
3164,25484,17171
3165,25483,17170
3166,25482,17169
3167,25481,17168
3168,25480,17167
3169,25479,17166
3170,25478,17165
3171,25477,17164
3172,25476,17163
3173,25475,17162
3174,25474,17161
3175,25473,17160
3176,25472,17159
3177,25471,17158
3178,25470,17157
3179,25469,17156
3180,25468,17155
3181,25467,17154
3182,25466,17153
3183,25465,17152
3184,25464,17151
3185,25463,17150
3186,25462,17149
3187,25461,17148
3188,25460,17147
3189,25459,17146
3190,25458,17145
3191,25457,17144
3192,25456,17143
3193,25455,17142
3194,25454,17141
3195,25453,17140
3196,25452,17139
3197,25451,17138
3198,25450,17137
3199,25449,17136
3200,25448,17135
3201,25447,17134
3202,25446,17133
3203,25445,17132
3204,25444,17131
3205,25443,17130
3206,25442,17129
3207,25441,17128
3208,25440,17127
3209,25439,17126
3210,25438,17125
3211,25437,17124
3212,25436,17123
3213,25435,17122
3214,25434,17121
3215,25433,17120
3216,25432,17119
3217,25431,17118
3218,25430,17117
3219,25429,17116
3220,25428,17115
3221,25427,17114
3222,25426,17113
3223,25425,17112
3224,25424,17111
3225,25423,17110
3226,25422,17109
3227,25421,17108
3228,25420,17107
3229,25419,17106
3230,25418,17105
3231,25417,17104
3232,25416,17103
3233,25415,17102
3234,25414,17101
3235,25413,17100
3236,25412,17099
3237,25411,17098
3238,25410,17097
3239,25409,17096
3240,25408,17095
3241,25407,17094
3242,25406,17093
3243,25405,17092
3244,25404,17091
3245,25403,17090
3246,25402,17089
3247,25401,17088
3248,25400,17087
3249,25399,17086
3250,25398,17085
3251,25397,17084
3252,25396,17083
3253,25395,17082
3254,25394,17081
3255,25393,17080
3256,25392,17079
3257,25391,17078
3258,25390,17077
3259,25389,17076
3260,25388,17075
3261,25387,17074
3262,25386,17073
3263,25385,17072
3264,25384,17071
3265,25383,17070
3266,25382,17069
3267,25381,17068
3268,25380,17067
3269,25379,17066
3270,25378,17065
3271,25377,17064
3272,25376,17063
3273,25375,17062
3274,25374,17061
3275,25373,17060
3276,25372,17059
3277,25371,17058
3278,25370,17057
3279,25369,17056
3280,25368,17055
3281,25367,17054
3282,25366,17053
3283,25365,17052
3284,25364,17051
3285,25363,17050
3286,25362,17049
3287,25361,17048
3288,25360,17047
3289,25359,17046
3290,25358,17045
3291,25357,17044
3292,25356,17043
3293,25355,17042
3294,25354,17041
3295,25353,17040
3296,25352,17039
3297,25351,17038
3298,25350,17037
3299,25349,17036
3300,25348,17035
3301,25347,17034
3302,25346,17033
3303,25345,17032
3304,25344,17031
3305,25343,17030
3306,25342,17029
3307,25341,17028
3308,25340,17027
3309,25339,17026
3310,25338,17025
3311,25337,17024
3312,25336,17023
3313,25335,17022
3314,25334,17021
3315,25333,17020
3316,25332,17019
3317,25331,17018
3318,25330,17017
3319,25329,17016
3320,25328,17015
3321,25327,17014
3322,25326,17013
3323,25325,17012
3324,25324,17011
3325,25323,17010
3326,25322,17009
3327,25321,17008
3328,25320,17007
3329,25319,17006
3330,25318,17005
3331,25317,17004
3332,25316,17003
3333,25315,17002
3334,25314,17001
3335,25313,17000
3336,25312,16999
3337,25311,16998
3338,25310,16997
3339,25309,16996
3340,25308,16995
3341,25307,16994
3342,25306,16993
3343,25305,16992
3344,25304,16991
3345,25303,16990
3346,25302,16989
3347,25301,16988
3348,25300,16987
3349,25299,16986
3350,25298,16985
3351,25297,16984
3352,25296,16983
3353,25295,16982
3354,25294,16981
3355,25293,16980
3356,25292,16979
3357,25291,16978
3358,25290,16977
3359,25289,16976
3360,25288,16975
3361,25287,16974
3362,25286,16973
3363,25285,16972
3364,25284,16971
3365,25283,16970
3366,25282,16969
3367,25281,16968
3368,25280,16967
3369,25279,16966
3370,25278,16965
3371,25277,16964
3372,25276,16963
3373,25275,16962
3374,25274,16961
3375,25273,16960
3376,25272,16959
3377,25271,16958
3378,25270,16957
3379,25269,16956
3380,25268,16955
3381,25267,16954
3382,25266,16953
3383,25265,16952
3384,25264,16951
3385,25263,16950
3386,25262,16949
3387,25261,16948
3388,25260,16947
3389,25259,16946
3390,25258,16945
3391,25257,16944
3392,25256,16943
3393,25255,16942
3394,25254,16941
3395,25253,16940
3396,25252,16939
3397,25251,16938
3398,25250,16937
3399,25249,16936
3400,25248,16935
3401,25247,16934
3402,25246,16933
3403,25245,16932
3404,25244,16931
3405,25243,16930
3406,25242,16929
3407,25241,16928
3408,25240,16927
3409,25239,16926
3410,25238,16925
3411,25237,16924
3412,25236,16923
3413,25235,16922
3414,25234,16921
3415,25233,16920
3416,25232,16919
3417,25231,16918
3418,25230,16917
3419,25229,16916
3420,25228,16915
3421,25227,16914
3422,25226,16913
3423,25225,16912
3424,25224,16911
3425,25223,16910
3426,25222,16909
3427,25221,16908
3428,25220,16907
3429,25219,16906
3430,25218,16905
3431,25217,16904
3432,25216,16903
3433,25215,16902
3434,25214,16901
3435,25213,16900
3436,25212,16899
3437,25211,16898
3438,25210,16897
3439,25209,16896
3440,25208,16895
3441,25207,16894
3442,25206,16893
3443,25205,16892
3444,25204,16891
3445,25203,16890
3446,25202,16889
3447,25201,16888
3448,25200,16887
3449,25199,16886
3450,25198,16885
3451,25197,16884
3452,25196,16883
3453,25195,16882
3454,25194,16881
3455,25193,16880
3456,25192,16879
3457,25191,16878
3458,25190,16877
3459,25189,16876
3460,25188,16875
3461,25187,16874
3462,25186,16873
3463,25185,16872
3464,25184,16871
3465,25183,16870
3466,25182,16869
3467,25181,16868
3468,25180,16867
3469,25179,16866
3470,25178,16865
3471,25177,16864
3472,25176,16863
3473,25175,16862
3474,25174,16861
3475,25173,16860
3476,25172,16859
3477,25171,16858
3478,25170,16857
3479,25169,16856
3480,25168,16855
3481,25167,16854
3482,25166,16853
3483,25165,16852
3484,25164,16851
3485,25163,16850
3486,25162,16849
3487,25161,16848
3488,25160,16847
3489,25159,16846
3490,25158,16845
3491,25157,16844
3492,25156,16843
3493,25155,16842
3494,25154,16841
3495,25153,16840
3496,25152,16839
3497,25151,16838
3498,25150,16837
3499,25149,16836
3500,25148,16835
3501,25147,16834
3502,25146,16833
3503,25145,16832
3504,25144,16831
3505,25143,16830
3506,25142,16829
3507,25141,16828
3508,25140,16827
3509,25139,16826
3510,25138,16825
3511,25137,16824
3512,25136,16823
3513,25135,16822
3514,25134,16821
3515,25133,16820
3516,25132,16819
3517,25131,16818
3518,25130,16817
3519,25129,16816
3520,25128,16815
3521,25127,16814
3522,25126,16813
3523,25125,16812
3524,25124,16811
3525,25123,16810
3526,25122,16809
3527,25121,16808
3528,25120,16807
3529,25119,16806
3530,25118,16805
3531,25117,16804
3532,25116,16803
3533,25115,16802
3534,25114,16801
3535,25113,16800
3536,25112,16799
3537,25111,16798
3538,25110,16797
3539,25109,16796
3540,25108,16795
3541,25107,16794
3542,25106,16793
3543,25105,16792
3544,25104,16791
3545,25103,16790
3546,25102,16789
3547,25101,16788
3548,25100,16787
3549,25099,16786
3550,25098,16785
3551,25097,16784
3552,25096,16783
3553,25095,16782
3554,25094,16781
3555,25093,16780
3556,25092,16779
3557,25091,16778
3558,25090,16777
3559,25089,16776
3560,25088,16775
3561,25087,16774
3562,25086,16773
3563,25085,16772
3564,25084,16771
3565,25083,16770
3566,25082,16769
3567,25081,16768
3568,25080,16767
3569,25079,16766
3570,25078,16765
3571,25077,16764
3572,25076,16763
3573,25075,16762
3574,25074,16761
3575,25073,16760
3576,25072,16759
3577,25071,16758
3578,25070,16757
3579,25069,16756
3580,25068,16755
3581,25067,16754
3582,25066,16753
3583,25065,16752
3584,25064,16751
3585,25063,16750
3586,25062,16749
3587,25061,16748
3588,25060,16747
3589,25059,16746
3590,25058,16745
3591,25057,16744
3592,25056,16743
3593,25055,16742
3594,25054,16741
3595,25053,16740
3596,25052,16739
3597,25051,16738
3598,25050,16737
3599,25049,16736
3600,25048,16735
3601,25047,16734
3602,25046,16733
3603,25045,16732
3604,25044,16731
3605,25043,16730
3606,25042,16729
3607,25041,16728
3608,25040,16727
3609,25039,16726
3610,25038,16725
3611,25037,16724
3612,25036,16723
3613,25035,16722
3614,25034,16721
3615,25033,16720
3616,25032,16719
3617,25031,16718
3618,25030,16717
3619,25029,16716
3620,25028,16715
3621,25027,16714
3622,25026,16713
3623,25025,16712
3624,25024,16711
3625,25023,16710
3626,25022,16709
3627,25021,16708
3628,25020,16707
3629,25019,16706
3630,25018,16705
3631,25017,16704
3632,25016,16703
3633,25015,16702
3634,25014,16701
3635,25013,16700
3636,25012,16699
3637,25011,16698
3638,25010,16697
3639,25009,16696
3640,25008,16695
3641,25007,16694
3642,25006,16693
3643,25005,16692
3644,25004,16691
3645,25003,16690
3646,25002,16689
3647,25001,16688
3648,25000,16687
3649,24999,16686
3650,24998,16685
3651,24997,16684
3652,24996,16683
3653,24995,16682
3654,24994,16681
3655,24993,16680
3656,24992,16679
3657,24991,16678
3658,24990,16677
3659,24989,16676
3660,24988,16675
3661,24987,16674
3662,24986,16673
3663,24985,16672
3664,24984,16671
3665,24983,16670
3666,24982,16669
3667,24981,16668
3668,24980,16667
3669,24979,16666
3670,24978,16665
3671,24977,16664
3672,24976,16663
3673,24975,16662
3674,24974,16661
3675,24973,16660
3676,24972,16659
3677,24971,16658
3678,24970,16657
3679,24969,16656
3680,24968,16655
3681,24967,16654
3682,24966,16653
3683,24965,16652
3684,24964,16651
3685,24963,16650
3686,24962,16649
3687,24961,16648
3688,24960,16647
3689,24959,16646
3690,24958,16645
3691,24957,16644
3692,24956,16643
3693,24955,16642
3694,24954,16641
3695,24953,16640
3696,24952,16639
3697,24951,16638
3698,24950,16637
3699,24949,16636
3700,24948,16635
3701,24947,16634
3702,24946,16633
3703,24945,16632
3704,24944,16631
3705,24943,16630
3706,24942,16629
3707,24941,16628
3708,24940,16627
3709,24939,16626
3710,24938,16625
3711,24937,16624
3712,24936,16623
3713,24935,16622
3714,24934,16621
3715,24933,16620
3716,24932,16619
3717,24931,16618
3718,24930,16617
3719,24929,16616
3720,24928,16615
3721,24927,16614
3722,24926,16613
3723,24925,16612
3724,24924,16611
3725,24923,16610
3726,24922,16609
3727,24921,16608
3728,24920,16607
3729,24919,16606
3730,24918,16605
3731,24917,16604
3732,24916,16603
3733,24915,16602
3734,24914,16601
3735,24913,16600
3736,24912,16599
3737,24911,16598
3738,24910,16597
3739,24909,16596
3740,24908,16595
3741,24907,16594
3742,24906,16593
3743,24905,16592
3744,24904,16591
3745,24903,16590
3746,24902,16589
3747,24901,16588
3748,24900,16587
3749,24899,16586
3750,24898,16585
3751,24897,16584
3752,24896,16583
3753,24895,16582
3754,24894,16581
3755,24893,16580
3756,24892,16579
3757,24891,16578
3758,24890,16577
3759,24889,16576
3760,24888,16575
3761,24887,16574
3762,24886,16573
3763,24885,16572
3764,24884,16571
3765,24883,16570
3766,24882,16569
3767,24881,16568
3768,24880,16567
3769,24879,16566
3770,24878,16565
3771,24877,16564
3772,24876,16563
3773,24875,16562
3774,24874,16561
3775,24873,16560
3776,24872,16559
3777,24871,16558
3778,24870,16557
3779,24869,16556
3780,24868,16555
3781,24867,16554
3782,24866,16553
3783,24865,16552
3784,24864,16551
3785,24863,16550
3786,24862,16549
3787,24861,16548
3788,24860,16547
3789,24859,16546
3790,24858,16545
3791,24857,16544
3792,24856,16543
3793,24855,16542
3794,24854,16541
3795,24853,16540
3796,24852,16539
3797,24851,16538
3798,24850,16537
3799,24849,16536
3800,24848,16535
3801,24847,16534
3802,24846,16533
3803,24845,16532
3804,24844,16531
3805,24843,16530
3806,24842,16529
3807,24841,16528
3808,24840,16527
3809,24839,16526
3810,24838,16525
3811,24837,16524
3812,,16523
3813,,16522
3814,,16521
3815,,16520
3816,,16519
3817,,16518
3818,,16517
3819,,16516
3820,,16515
3821,,16309
3822,,16308
3823,,16307
3824,,16306
3825,,16305
3826,,16304
3827,,16303
3828,,16302
3829,,16301
3830,,16300
3831,,16299
3832,,16298
3833,,
3834,,
3835,,
3836,,
3837,,
3838,,
3839,,
3840,,
3841,,
3842,,
3843,,
3844,,
3845,,
3846,,
3847,,
3848,,
3849,,
3850,,
3851,,
3852,,
3853,,
3854,,
3855,,
3856,,
3857,,
3858,,
3859,,
3860,,
3861,,
3862,,
3863,,
3864,,
3865,,
3866,,
3867,,
3868,,
3869,,
3870,,
3871,,
3872,,
3873,,
3874,,
3875,,
3876,,
3877,,
3878,,
3879,,
3880,,
3881,,
3882,,
3883,,
3884,,
3885,,
3886,,
3887,,
3888,,
3889,,
3890,,
3891,,
3892,,
3893,,
3894,,
3895,,
3896,,
3897,,
3898,,
3899,,
3900,,
3901,,
3902,,
3903,,
3904,,
3905,,
3906,,
3907,,
3908,,
3909,,
3910,,
3911,,
3912,,
3913,,
3914,,
3915,,
3916,,
3917,,
3918,,
3919,,
3920,,
3921,,
3922,,
3923,,
3924,,
3925,,
3926,,
3927,,
3928,,
3929,,
3930,,
3931,,
3932,,
3933,,
3934,,
3935,,
3936,,
3937,,
3938,,
3939,,
3940,,
3941,,
3942,,
3943,,
3944,,
3945,,
3946,,
3947,,
3948,,
3949,,
3950,,
3951,,
3952,,
3953,,
3954,,
3955,,
3956,,
3957,,
3958,,
3959,,
3960,,
3961,,
3962,,
3963,,
3964,,
3965,,
3966,,
3967,,
3968,,
3969,,
3970,,
3971,,
3972,,
3973,,
3974,,
3975,,
3976,,
3977,,
3978,,
3979,,
3980,,
3981,,
3982,,
3983,,
3984,,
3985,,
3986,,
3987,,
3988,,
3989,,
3990,,
3991,,
3992,,
3993,,
3994,,
3995,,
3996,,
3997,,
3998,,
3999,,
4000,,
4001,,
4002,,
4003,,
4004,,
4005,,
4006,,
4007,,
4008,,
4009,,
4010,,
4011,,
4012,,
4013,,
4014,,
4015,,
4016,,
4017,,
4018,,
4019,,
4020,,
4021,,
4022,,
4023,,
4024,,
4025,,
4026,,
4027,,
4028,,
4029,,
4030,,
4031,,
4032,,
4033,,
4034,,
4035,,
4036,,
4037,,
4038,,
4039,,
4040,,
4041,,
4042,,
4043,,
4044,,
4045,,
4046,,
4047,,
4048,,
4049,,
4050,,
4051,,
4052,,
4053,,
4054,,
4055,,
4056,,
4057,,
4058,,
4059,,
4060,,
4061,,
4062,,
4063,,
4064,,
4065,,
4066,,
4067,,
4068,,
4069,,
4070,,
4071,,
4072,,
4073,,
4074,,
4075,,
4076,,
4077,,
4078,,
4079,,
4080,,
4081,,
4082,,
4083,,
4084,,
4085,,
4086,,
4087,,
4088,,
4089,,
4090,,
4091,,
4092,,
4093,,
4094,,
4095,,
4096,,
4097,,
4098,,
4099,,
4100,,
4101,,
4102,,
4103,,
4104,,
4105,,
4106,,
4107,,
4108,,
4109,,
4110,,
4111,,
4112,,
4113,,
4114,,
4115,,
4116,,
4117,,
4118,,
4119,,
4120,,
4121,,
4122,,
4123,,
4124,,
4125,,
4126,,
4127,,
4128,,
4129,,
4130,,
4131,,
4132,,
4133,,
4134,,
4135,,
4136,,
4137,,
4138,,
4139,,
4140,,
4141,,
4142,,
4143,,
4144,,
4145,,
4146,,
4147,,
4148,,
4149,,
4150,,
4151,,
4152,,
4153,,
4154,,
4155,,
4156,,
4157,,
4158,,
4159,,
4160,,
4161,,
4162,,
4163,,
4164,,
4165,,
