Time(s),9 devices,17 devices,33 devices, Sequential
0,0.0,0.0,0.0,0
1,0.0,0.0,0.0,0
2,0.0,0.0,0.0,0
3,0.0,0.0,0.0,0
4,0.0,0.0,0.0,0
5,0.0,0.0,0.0,0
6,0.0,0.0,0.0,0
7,0.0,0.0,0.0,0
8,0.0,0.0,0.0,0
9,0.0,0.0,0.0,0
10,0.0,0.0,0.0,1
11,0.0,0.0,0.0,1
12,0.0,0.0,0.0,1
13,0.0,0.0,0.0,1
14,0.0,0.0,0.0,1
15,0.0,0.0,0.0,1
16,0.0,0.0,0.0,1
17,0.0,0.0,0.0,1
18,0.0,0.0,0.0,1
19,0.0,0.0,0.0,1
20,0.0,0.0,0.0,2
21,0.0,0.0,0.0,2
22,0.0,0.0,0.0,2
23,0.0,0.0,0.0,2
24,0.0,0.0,0.0,2
25,0.0,0.0,0.0,2
26,0.0,0.0,0.0,2
27,0.0,0.0,0.0,2
28,0.0,0.0,0.0,2
29,0.0,0.0,0.0,2
30,0.0,0.0,0.0,3
31,0.0,0.0,0.0,3
32,0.0,0.0,0.0,3
33,0.0,0.0,0.0,3
34,0.0,0.0,0.0,3
35,0.0,0.0,0.0,3
36,0.0,0.0,0.0,3
37,0.0,0.0,0.0,3
38,0.0,0.0,0.0,3
39,0.0,0.0,0.0,3
40,0.0,0.0,0.0,4
41,0.0,0.0,0.0,4
42,0.0,0.0,0.0,4
43,0.0,0.0,0.0,4
44,0.0,0.0,0.0,4
45,0.0,0.0,0.0,4
46,0.0,0.0,0.0,4
47,0.0,0.0,0.0,4
48,0.0,0.0,0.0,4
49,0.0,0.0,0.0,4
50,0.0,0.0,0.0,5
51,0.0,0.0,0.0,5
52,0.0,0.0,0.0,5
53,0.0,0.0,0.0,5
54,0.0,0.0,0.0,5
55,0.0,0.0,0.0,5
56,0.0,0.0,0.0,5
57,0.0,0.0,0.0,5
58,0.0,0.0,0.0,5
59,0.0,0.0,0.0,5
60,0.0,0.0,0.0,6
61,0.0,0.0,0.0,6
62,0.0,0.0,0.0,6
63,0.0,0.0,0.0,6
64,0.0,0.0,0.0,6
65,0.0,0.0,0.0,6
66,0.0,0.0,0.0,6
67,0.0,0.0,0.0,6
68,0.0,0.0,0.0,6
69,0.0,0.0,0.0,6
70,0.0,0.0,0.0,7
71,0.0,0.0,0.0,7
72,0.0,0.0,0.0,7
73,0.0,0.0,0.0,7
74,0.0,0.0,0.0,7
75,0.0,0.0,0.0,7
76,0.0,0.0,0.0,7
77,0.0,0.0,0.0,7
78,0.0,0.0,0.0,7
79,0.0,0.0,0.0,7
80,0.0,0.0,0.0,8
81,0.0,0.0,0.0,8
82,0.0,0.0,0.0,8
83,0.0,0.0,0.0,8
84,0.0,0.0,0.0,8
85,0.0,0.0,0.0,8
86,0.0,0.0,0.0,8
87,0.0,0.0,0.0,8
88,0.0,0.0,0.0,8
89,0.0,0.0,0.0,8
90,0.0,0.0,0.0,9
91,0.0,0.0,0.0,9
92,0.0,0.0,0.0,9
93,0.0,0.0,0.0,9
94,0.0,0.0,0.0,9
95,0.0,0.0,0.0,9
96,0.0,0.0,0.0,9
97,0.0,0.0,0.0,9
98,0.0,0.0,0.0,9
99,0.0,0.0,0.0,9
100,0.0,0.0,0.0,10
101,0.0,0.0,0.0,10
102,0.0,0.0,0.0,10
103,0.0,0.0,0.0,10
104,0.0,0.0,0.0,10
105,0.0,0.0,0.0,10
106,0.0,0.0,0.0,10
107,0.0,0.0,0.0,10
108,0.0,0.0,0.0,10
109,0.0,0.0,0.0,10
110,0.0,0.0,0.0,11
111,0.0,0.0,0.0,11
112,0.0,0.0,0.0,11
113,0.0,0.0,0.0,11
114,0.0,0.0,0.0,11
115,0.0,0.0,0.0,11
116,0.0,0.0,0.0,11
117,0.0,0.0,0.0,11
118,0.0,0.0,0.0,11
119,0.0,0.0,0.0,11
120,0.0,0.0,0.0,12
121,0.0,0.0,0.0,12
122,0.0,0.0,0.0,12
123,0.0,0.0,0.0,12
124,0.0,0.0,0.0,12
125,0.0,0.0,0.0,12
126,0.0,0.0,0.0,12
127,0.0,0.0,0.0,12
128,0.0,0.0,0.0,12
129,0.0,0.0,0.0,12
130,0.0,0.0,0.0,13
131,0.0,0.0,0.0,13
132,0.0,0.0,0.0,13
133,0.0,0.0,0.0,13
134,0.0,0.0,0.0,13
135,0.0,0.0,0.0,13
136,0.0,0.0,0.0,13
137,0.0,0.0,0.0,13
138,0.0,0.0,0.0,13
139,0.0,0.0,0.0,13
140,0.0,0.0,0.0,14
141,0.0,0.0,0.0,14
142,0.0,0.0,0.0,14
143,0.0,0.0,0.0,14
144,0.0,0.0,0.0,14
145,0.0,0.0,0.0,14
146,0.0,0.0,0.0,14
147,0.0,0.0,0.0,14
148,0.0,0.0,0.0,14
149,0.0,0.0,0.0,14
150,0.0,0.0,0.0,15
151,0.0,0.0,0.0,15
152,0.0,0.0,0.0,15
153,0.0,0.0,0.0,15
154,0.0,0.0,0.0,15
155,0.0,0.0,0.0,15
156,0.0,0.0,0.0,15
157,0.0,0.0,0.0,15
158,0.0,0.0,0.0,15
159,0.0,0.0,0.0,15
160,0.0,0.0,0.0,16
161,0.0,0.0,0.0,16
162,0.0,0.0,0.0,16
163,0.0,0.0,0.0,16
164,0.0,0.0,0.0,16
165,0.0,0.0,0.0,16
166,0.0,0.0,0.0,16
167,0.0,0.0,0.0,16
168,0.0,0.0,0.0,16
169,0.0,0.0,0.0,16
170,0.0,0.0,0.0,17
171,0.0,0.0,0.0,17
172,0.0,0.0,0.0,17
173,0.0,0.0,0.0,17
174,0.0,0.0,0.0,17
175,0.0,0.0,0.0,17
176,0.0,0.0,0.0,17
177,0.0,0.0,0.0,17
178,0.0,0.0,0.0,17
179,0.0,0.0,0.0,17
180,0.0,0.0,0.0,18
181,0.0,0.0,0.0,18
182,0.0,0.0,0.0,18
183,0.0,0.0,0.0,18
184,0.0,0.0,0.0,18
185,0.0,0.0,0.0,18
186,0.0,0.0,0.0,18
187,0.0,0.0,0.0,18
188,0.0,0.0,0.0,18
189,0.0,0.0,0.0,18
190,0.0,0.0,0.0,19
191,0.0,0.0,0.0,19
192,0.111111111111,0.111111111111,0.0,19
193,0.222222222222,0.222222222222,0.0,19
194,0.222222222222,0.333333333333,0.222222222222,19
195,0.222222222222,0.444444444444,0.222222222222,19
196,0.222222222222,0.444444444444,0.333333333333,19
197,0.222222222222,0.444444444444,0.555555555556,19
198,0.222222222222,0.444444444444,0.555555555556,19
199,0.222222222222,0.444444444444,0.888888888889,19
200,0.222222222222,0.444444444444,1.11111111111,20
201,0.222222222222,0.444444444444,1.11111111111,20
202,0.333333333333,0.777777777778,1.11111111111,20
203,1.0,1.22222222222,2.0,20
204,1.22222222222,2.11111111111,2.66666666667,20
205,1.22222222222,2.44444444444,3.55555555556,20
206,1.22222222222,2.66666666667,3.88888888889,20
207,1.22222222222,2.66666666667,4.66666666667,20
208,1.22222222222,2.66666666667,5.22222222222,20
209,1.22222222222,2.66666666667,6.11111111111,20
210,1.22222222222,2.66666666667,6.66666666667,21
211,1.22222222222,2.66666666667,6.66666666667,21
212,1.22222222222,2.66666666667,6.88888888889,21
213,1.33333333333,3.0,7.33333333333,21
214,2.0,3.55555555556,7.66666666667,21
215,2.0,4.22222222222,8.33333333333,21
216,2.0,5.11111111111,9.11111111111,21
217,2.0,5.11111111111,9.33333333333,21
218,2.0,5.11111111111,9.88888888889,21
219,2.0,5.11111111111,10.3333333333,21
220,2.0,5.11111111111,10.8888888889,22
221,2.0,5.11111111111,10.8888888889,22
222,2.0,5.11111111111,10.8888888889,22
223,2.55555555556,5.55555555556,11.3333333333,22
224,3.11111111111,6.11111111111,11.5555555556,22
225,3.11111111111,6.33333333333,12.1111111111,22
226,3.11111111111,6.77777777778,12.3333333333,22
227,3.11111111111,6.88888888889,12.8888888889,22
228,3.11111111111,6.88888888889,13.3333333333,22
229,3.11111111111,6.88888888889,13.6666666667,22
230,3.11111111111,6.88888888889,13.6666666667,23
231,3.11111111111,6.88888888889,13.6666666667,23
232,3.11111111111,6.88888888889,13.6666666667,23
233,3.11111111111,7.22222222222,14.0,23
234,3.11111111111,7.33333333333,14.0,23
235,3.11111111111,7.33333333333,14.2222222222,23
236,3.11111111111,7.55555555556,14.2222222222,23
237,3.11111111111,7.55555555556,14.3333333333,23
238,3.11111111111,7.55555555556,14.4444444444,23
239,3.11111111111,7.55555555556,14.4444444444,23
240,3.11111111111,7.55555555556,14.4444444444,24
241,3.11111111111,7.55555555556,14.4444444444,24
242,3.11111111111,7.55555555556,14.4444444444,24
243,3.55555555556,7.55555555556,14.6666666667,24
244,3.66666666667,7.55555555556,14.7777777778,24
245,3.66666666667,7.66666666667,14.7777777778,24
246,3.66666666667,7.66666666667,14.8888888889,24
247,3.66666666667,7.66666666667,15.1111111111,24
248,3.66666666667,7.66666666667,15.1111111111,24
249,3.66666666667,7.66666666667,15.1111111111,24
250,3.66666666667,7.66666666667,15.2222222222,25
251,3.66666666667,7.66666666667,15.2222222222,25
252,3.66666666667,7.66666666667,15.2222222222,25
253,3.77777777778,7.66666666667,15.2222222222,25
254,3.88888888889,7.66666666667,15.2222222222,25
255,3.88888888889,7.66666666667,15.4444444444,25
256,3.88888888889,7.66666666667,15.4444444444,25
257,3.88888888889,7.66666666667,15.5555555556,25
258,3.88888888889,7.66666666667,15.6666666667,25
259,3.88888888889,7.66666666667,15.6666666667,25
260,3.88888888889,7.66666666667,15.7777777778,26
261,3.88888888889,7.66666666667,15.7777777778,26
262,3.88888888889,7.66666666667,15.7777777778,26
263,3.88888888889,7.66666666667,15.7777777778,26
264,3.88888888889,7.66666666667,15.8888888889,26
265,4.0,7.77777777778,16.1111111111,26
266,4.0,7.77777777778,16.1111111111,26
267,4.0,7.77777777778,16.2222222222,26
268,4.0,7.77777777778,16.2222222222,26
269,4.0,7.77777777778,16.2222222222,26
270,4.0,7.77777777778,16.4444444444,27
271,4.0,7.77777777778,16.4444444444,27
272,4.0,7.77777777778,16.5555555556,27
273,4.0,7.77777777778,16.5555555556,27
274,4.0,7.77777777778,16.6666666667,27
275,4.0,7.77777777778,16.8888888889,27
276,4.0,7.77777777778,17.1111111111,27
277,4.0,7.88888888889,17.1111111111,27
278,4.0,7.88888888889,17.1111111111,27
279,4.0,7.88888888889,17.1111111111,27
280,4.0,7.88888888889,17.1111111111,28
281,4.0,7.88888888889,17.1111111111,28
282,4.0,7.88888888889,17.1111111111,28
283,4.0,7.88888888889,17.1111111111,28
284,4.0,8.0,17.1111111111,28
285,4.0,8.0,17.3333333333,28
286,4.0,8.11111111111,17.4444444444,28
287,4.0,8.11111111111,17.5555555556,28
288,4.0,8.11111111111,17.5555555556,28
289,4.0,8.22222222222,17.7777777778,28
290,4.0,8.22222222222,17.7777777778,29
291,4.0,8.22222222222,17.7777777778,29
292,4.0,8.22222222222,17.7777777778,29
293,4.0,8.22222222222,17.8888888889,29
294,4.0,8.22222222222,17.8888888889,29
295,4.0,8.22222222222,17.8888888889,29
296,4.0,8.22222222222,18.2222222222,29
297,4.0,8.22222222222,18.2222222222,29
298,4.0,8.22222222222,18.5555555556,29
299,4.0,8.22222222222,19.2222222222,29
300,4.0,8.22222222222,19.3333333333,30
301,4.0,8.22222222222,19.4444444444,30
302,4.0,8.22222222222,19.6666666667,30
303,4.0,8.22222222222,19.7777777778,30
304,4.0,8.22222222222,19.7777777778,30
305,4.0,8.22222222222,19.8888888889,30
306,4.0,8.22222222222,19.8888888889,30
307,4.0,8.22222222222,20.0,30
308,4.0,8.22222222222,20.1111111111,30
309,4.0,8.22222222222,20.1111111111,30
310,4.0,8.22222222222,20.2222222222,31
311,4.0,8.22222222222,20.4444444444,31
312,4.0,8.22222222222,20.6666666667,31
313,4.0,8.22222222222,20.7777777778,31
314,4.0,8.33333333333,21.1111111111,31
315,4.0,8.66666666667,21.1111111111,31
316,4.0,8.66666666667,21.3333333333,31
317,4.0,8.88888888889,21.7777777778,31
318,4.0,8.88888888889,21.8888888889,31
319,4.11111111111,8.88888888889,21.8888888889,31
320,4.11111111111,8.88888888889,22.0,32
321,4.11111111111,8.88888888889,22.1111111111,32
322,4.11111111111,8.88888888889,22.2222222222,32
323,4.11111111111,8.88888888889,22.3333333333,32
324,4.22222222222,8.88888888889,22.4444444444,32
325,4.22222222222,8.88888888889,23.0,32
326,4.22222222222,9.0,23.2222222222,32
327,4.22222222222,9.22222222222,23.5555555556,32
328,4.22222222222,9.33333333333,23.5555555556,32
329,4.22222222222,9.33333333333,23.6666666667,32
330,4.22222222222,9.55555555556,23.8888888889,33
331,4.22222222222,9.55555555556,24.1111111111,33
332,4.22222222222,9.55555555556,24.3333333333,33
333,4.22222222222,9.55555555556,24.7777777778,33
334,4.22222222222,9.55555555556,25.0,33
335,4.22222222222,9.66666666667,25.2222222222,33
336,4.22222222222,9.77777777778,25.5555555556,33
337,4.22222222222,9.77777777778,25.7777777778,33
338,4.22222222222,9.77777777778,25.8888888889,33
339,4.22222222222,9.77777777778,26.1111111111,33
340,4.22222222222,9.77777777778,26.3333333333,34
341,4.22222222222,9.77777777778,26.4444444444,34
342,4.22222222222,9.77777777778,26.6666666667,34
343,4.22222222222,9.88888888889,27.0,34
344,4.22222222222,9.88888888889,27.4444444444,34
345,4.22222222222,10.0,27.7777777778,34
346,4.22222222222,10.1111111111,28.2222222222,34
347,4.22222222222,10.2222222222,28.6666666667,34
348,4.22222222222,10.3333333333,28.7777777778,34
349,4.22222222222,10.4444444444,29.0,34
350,4.33333333333,10.4444444444,29.2222222222,35
351,4.33333333333,10.4444444444,29.7777777778,35
352,4.33333333333,10.4444444444,30.2222222222,35
353,4.33333333333,10.4444444444,30.8888888889,35
354,4.33333333333,10.4444444444,31.3333333333,35
355,4.33333333333,10.4444444444,31.4444444444,35
356,4.33333333333,10.4444444444,31.7777777778,35
357,4.33333333333,10.5555555556,32.2222222222,35
358,4.33333333333,10.5555555556,32.8888888889,35
359,4.33333333333,10.5555555556,33.3333333333,35
360,4.33333333333,10.5555555556,34.0,36
361,4.33333333333,10.5555555556,34.3333333333,36
362,4.33333333333,10.5555555556,34.7777777778,36
363,4.33333333333,10.5555555556,35.3333333333,36
364,4.33333333333,10.5555555556,35.7777777778,36
365,4.33333333333,10.5555555556,36.5555555556,36
366,4.33333333333,10.5555555556,37.0,36
367,4.33333333333,10.5555555556,37.7777777778,36
368,4.33333333333,10.5555555556,38.4444444444,36
369,4.33333333333,10.5555555556,39.1111111111,36
370,4.33333333333,10.5555555556,39.8888888889,37
371,4.33333333333,10.5555555556,40.8888888889,37
372,4.33333333333,10.5555555556,41.3333333333,37
373,4.33333333333,10.6666666667,42.1111111111,37
374,4.33333333333,10.6666666667,42.2222222222,37
375,4.33333333333,10.6666666667,42.8888888889,37
376,4.33333333333,10.7777777778,43.8888888889,37
377,4.33333333333,10.7777777778,44.7777777778,37
378,4.33333333333,11.0,45.7777777778,37
379,4.33333333333,11.0,46.7777777778,37
380,4.33333333333,11.0,47.6666666667,38
381,4.33333333333,11.0,48.7777777778,38
382,4.33333333333,11.0,49.7777777778,38
383,4.33333333333,11.1111111111,51.0,38
384,4.33333333333,11.1111111111,52.2222222222,38
385,4.66666666667,11.1111111111,53.3333333333,38
386,4.77777777778,11.3333333333,54.4444444444,38
387,4.77777777778,11.4444444444,56.0,38
388,4.77777777778,11.5555555556,57.5555555556,38
389,4.77777777778,11.5555555556,59.5555555556,38
390,4.77777777778,11.5555555556,60.8888888889,39
391,4.77777777778,11.5555555556,62.6666666667,39
392,4.77777777778,11.6666666667,64.1111111111,39
393,4.88888888889,11.6666666667,65.7777777778,39
394,4.88888888889,11.6666666667,66.2222222222,39
395,4.88888888889,11.6666666667,67.4444444444,39
396,4.88888888889,11.6666666667,69.1111111111,39
397,4.88888888889,11.7777777778,70.8888888889,39
398,4.88888888889,11.8888888889,72.5555555556,39
399,4.88888888889,12.0,74.5555555556,39
400,4.88888888889,12.1111111111,76.6666666667,40
401,4.88888888889,12.3333333333,78.7777777778,40
402,4.88888888889,12.4444444444,81.0,40
403,4.88888888889,12.4444444444,81.7777777778,40
404,4.88888888889,12.4444444444,81.7777777778,40
405,5.0,12.4444444444,83.2222222222,40
406,5.0,12.5555555556,85.5555555556,40
407,5.0,12.5555555556,87.2222222222,40
408,5.0,12.6666666667,89.6666666667,40
409,5.0,12.6666666667,91.4444444444,40
410,5.0,12.8888888889,93.4444444444,41
411,5.0,13.0,94.5555555556,41
412,5.0,13.1111111111,96.1111111111,41
413,5.0,13.1111111111,96.1111111111,41
414,5.0,13.1111111111,96.1111111111,41
415,5.0,13.3333333333,96.7777777778,41
416,5.0,13.4444444444,97.6666666667,41
417,5.0,13.5555555556,98.3333333333,41
418,5.0,13.7777777778,98.7777777778,41
419,5.0,14.0,98.8888888889,41
420,5.0,14.2222222222,99.1111111111,42
421,5.0,14.2222222222,99.4444444444,42
422,5.0,14.3333333333,99.8888888889,42
423,5.22222222222,14.5555555556,100.0,42
424,5.22222222222,14.5555555556,100.0,42
425,5.22222222222,14.7777777778,100.0,42
426,5.33333333333,14.8888888889,100.0,42
427,5.33333333333,14.8888888889,100.0,42
428,5.44444444444,15.1111111111,100.0,42
429,5.44444444444,15.4444444444,100.0,42
430,5.44444444444,15.4444444444,100.0,43
431,5.44444444444,15.5555555556,100.0,43
432,5.44444444444,15.5555555556,100.0,43
433,5.44444444444,15.6666666667,100.0,43
434,5.44444444444,15.6666666667,100.0,43
435,5.44444444444,15.7777777778,100.0,43
436,5.44444444444,15.8888888889,100.0,43
437,5.55555555556,16.0,100.0,43
438,5.66666666667,16.0,100.0,43
439,5.66666666667,16.1111111111,100.0,43
440,5.66666666667,16.1111111111,100.0,44
441,5.66666666667,16.2222222222,100.0,44
442,5.66666666667,16.2222222222,100.0,44
443,5.66666666667,16.5555555556,100.0,44
444,5.66666666667,16.7777777778,100.0,44
445,5.77777777778,17.2222222222,100.0,44
446,5.77777777778,17.2222222222,100.0,44
447,5.88888888889,17.3333333333,100.0,44
448,5.88888888889,17.4444444444,100.0,44
449,6.11111111111,17.6666666667,100.0,44
450,6.22222222222,17.6666666667,100.0,45
451,6.22222222222,17.6666666667,100.0,45
452,6.22222222222,17.6666666667,100.0,45
453,6.22222222222,17.7777777778,100.0,45
454,6.22222222222,18.0,100.0,45
455,6.22222222222,18.2222222222,100.0,45
456,6.22222222222,18.3333333333,100.0,45
457,6.22222222222,18.5555555556,100.0,45
458,6.22222222222,18.5555555556,100.0,45
459,6.33333333333,18.6666666667,100.0,45
460,6.55555555556,18.6666666667,100.0,46
461,6.55555555556,18.8888888889,100.0,46
462,6.55555555556,19.1111111111,100.0,46
463,6.66666666667,19.2222222222,100.0,46
464,6.66666666667,19.4444444444,100.0,46
465,6.66666666667,19.8888888889,100.0,46
466,6.66666666667,20.2222222222,100.0,46
467,6.66666666667,20.3333333333,100.0,46
468,6.66666666667,20.4444444444,100.0,46
469,6.77777777778,20.6666666667,100.0,46
470,6.77777777778,20.7777777778,100.0,47
471,6.77777777778,21.0,100.0,47
472,6.88888888889,21.0,100.0,47
473,6.88888888889,21.1111111111,100.0,47
474,6.88888888889,21.1111111111,100.0,47
475,6.88888888889,21.5555555556,100.0,47
476,6.88888888889,21.7777777778,100.0,47
477,6.88888888889,21.8888888889,100.0,47
478,7.11111111111,22.2222222222,100.0,47
479,7.11111111111,22.3333333333,100.0,47
480,7.22222222222,22.4444444444,100.0,48
481,7.22222222222,22.6666666667,100.0,48
482,7.44444444444,22.6666666667,100.0,48
483,7.55555555556,22.8888888889,100.0,48
484,7.55555555556,23.1111111111,100.0,48
485,7.55555555556,23.2222222222,100.0,48
486,7.55555555556,23.3333333333,100.0,48
487,7.55555555556,23.4444444444,100.0,48
488,7.66666666667,23.6666666667,100.0,48
489,7.77777777778,24.1111111111,100.0,48
490,7.88888888889,24.3333333333,100.0,49
491,7.88888888889,24.5555555556,100.0,49
492,7.88888888889,24.7777777778,100.0,49
493,7.88888888889,24.8888888889,100.0,49
494,7.88888888889,25.2222222222,100.0,49
495,7.88888888889,25.4444444444,100.0,49
496,7.88888888889,25.8888888889,100.0,49
497,7.88888888889,26.1111111111,100.0,49
498,7.88888888889,26.3333333333,100.0,49
499,8.0,26.5555555556,100.0,49
500,8.11111111111,26.6666666667,100.0,50
501,8.22222222222,26.8888888889,100.0,50
502,8.22222222222,27.1111111111,100.0,50
503,8.33333333333,27.4444444444,100.0,50
504,8.33333333333,27.5555555556,100.0,50
505,8.44444444444,27.5555555556,100.0,50
506,8.55555555556,28.0,100.0,50
507,8.66666666667,28.5555555556,100.0,50
508,8.66666666667,29.1111111111,100.0,50
509,8.66666666667,29.3333333333,100.0,50
510,8.66666666667,29.6666666667,100.0,51
511,8.77777777778,29.7777777778,100.0,51
512,8.77777777778,30.2222222222,100.0,51
513,8.77777777778,30.5555555556,100.0,51
514,8.88888888889,30.8888888889,100.0,51
515,8.88888888889,31.1111111111,100.0,51
516,8.88888888889,31.4444444444,100.0,51
517,8.88888888889,31.6666666667,100.0,51
518,9.22222222222,32.0,100.0,51
519,9.22222222222,32.1111111111,100.0,51
520,9.22222222222,32.3333333333,100.0,52
521,9.22222222222,33.1111111111,100.0,52
522,9.33333333333,33.3333333333,100.0,52
523,9.44444444444,33.8888888889,100.0,52
524,9.44444444444,34.1111111111,100.0,52
525,9.44444444444,34.4444444444,100.0,52
526,9.44444444444,34.7777777778,100.0,52
527,9.44444444444,35.2222222222,100.0,52
528,9.44444444444,35.4444444444,100.0,52
529,9.44444444444,35.6666666667,100.0,52
530,9.44444444444,36.2222222222,100.0,53
531,9.44444444444,36.6666666667,100.0,53
532,9.44444444444,36.6666666667,100.0,53
533,9.55555555556,37.2222222222,100.0,53
534,9.55555555556,37.6666666667,100.0,53
535,9.66666666667,38.3333333333,100.0,53
536,9.66666666667,38.5555555556,100.0,53
537,9.66666666667,39.2222222222,100.0,53
538,9.88888888889,39.3333333333,100.0,53
539,10.0,39.7777777778,100.0,53
540,10.2222222222,40.5555555556,100.0,54
541,10.2222222222,41.0,100.0,54
542,10.2222222222,41.8888888889,100.0,54
543,10.3333333333,42.3333333333,100.0,54
544,10.3333333333,43.1111111111,100.0,54
545,10.4444444444,43.4444444444,100.0,54
546,10.4444444444,43.8888888889,100.0,54
547,10.6666666667,44.3333333333,100.0,54
548,11.0,44.6666666667,100.0,54
549,11.2222222222,45.6666666667,100.0,54
550,11.7777777778,46.5555555556,100.0,55
551,11.7777777778,47.3333333333,100.0,55
552,11.7777777778,47.6666666667,100.0,55
553,11.7777777778,48.0,100.0,55
554,12.0,48.5555555556,100.0,55
555,12.1111111111,49.7777777778,100.0,55
556,12.1111111111,50.4444444444,100.0,55
557,12.2222222222,51.6666666667,100.0,55
558,12.2222222222,52.5555555556,100.0,55
559,12.2222222222,53.3333333333,100.0,55
560,12.2222222222,54.5555555556,100.0,56
561,12.3333333333,55.3333333333,100.0,56
562,12.4444444444,56.5555555556,100.0,56
563,12.5555555556,57.5555555556,100.0,56
564,12.6666666667,58.5555555556,100.0,56
565,12.7777777778,59.7777777778,100.0,56
566,12.8888888889,61.0,100.0,56
567,12.8888888889,62.0,100.0,56
568,13.0,63.5555555556,100.0,56
569,13.1111111111,65.1111111111,100.0,56
570,13.2222222222,67.1111111111,100.0,57
571,13.2222222222,69.0,100.0,57
572,13.2222222222,70.0,100.0,57
573,13.2222222222,71.8888888889,100.0,57
574,13.4444444444,73.7777777778,100.0,57
575,13.4444444444,75.7777777778,100.0,57
576,13.5555555556,77.5555555556,100.0,57
577,13.5555555556,79.5555555556,100.0,57
578,13.6666666667,81.5555555556,100.0,57
579,13.6666666667,83.4444444444,100.0,57
580,13.7777777778,86.8888888889,100.0,58
581,13.7777777778,87.4444444444,100.0,58
582,13.8888888889,87.5555555556,100.0,58
583,13.8888888889,87.5555555556,100.0,58
584,13.8888888889,87.5555555556,100.0,58
585,14.0,87.5555555556,100.0,58
586,14.2222222222,87.5555555556,100.0,58
587,14.2222222222,91.1111111111,100.0,58
588,14.3333333333,95.0,100.0,58
589,14.4444444444,96.7777777778,100.0,58
590,14.6666666667,99.0,100.0,59
591,14.6666666667,99.7777777778,100.0,59
592,14.6666666667,99.7777777778,100.0,59
593,14.8888888889,99.7777777778,100.0,59
594,15.0,99.7777777778,100.0,59
595,15.0,99.7777777778,100.0,59
596,15.1111111111,99.7777777778,100.0,59
597,15.2222222222,99.7777777778,100.0,59
598,15.3333333333,100.0,100.0,59
599,15.5555555556,100.0,100.0,59
600,15.6666666667,100.0,100.0,60
601,16.0,100.0,100.0,60
602,16.1111111111,100.0,100.0,60
603,16.4444444444,100.0,100.0,60
604,16.6666666667,100.0,100.0,60
605,16.8888888889,100.0,100.0,60
606,17.1111111111,100.0,100.0,60
607,17.2222222222,100.0,100.0,60
608,17.5555555556,100.0,100.0,60
609,17.6666666667,100.0,100.0,60
610,17.6666666667,100.0,100.0,61
611,17.6666666667,100.0,100.0,61
612,17.6666666667,100.0,100.0,61
613,17.7777777778,100.0,100.0,61
614,18.1111111111,100.0,100.0,61
615,18.3333333333,100.0,100.0,61
616,18.5555555556,100.0,100.0,61
617,18.8888888889,100.0,100.0,61
618,19.0,100.0,100.0,61
619,19.1111111111,100.0,100.0,61
620,19.4444444444,100.0,100.0,62
621,19.8888888889,100.0,100.0,62
622,20.2222222222,100.0,100.0,62
623,20.5555555556,100.0,100.0,62
624,20.7777777778,100.0,100.0,62
625,21.0,100.0,100.0,62
626,21.1111111111,100.0,100.0,62
627,21.2222222222,100.0,100.0,62
628,21.3333333333,100.0,100.0,62
629,21.5555555556,100.0,100.0,62
630,21.7777777778,100.0,100.0,63
631,21.8888888889,100.0,100.0,63
632,22.3333333333,100.0,100.0,63
633,22.5555555556,100.0,100.0,63
634,22.6666666667,100.0,100.0,63
635,22.7777777778,100.0,100.0,63
636,23.1111111111,100.0,100.0,63
637,23.2222222222,100.0,100.0,63
638,23.3333333333,100.0,100.0,63
639,23.6666666667,100.0,100.0,63
640,24.1111111111,100.0,100.0,64
641,24.3333333333,100.0,100.0,64
642,24.5555555556,100.0,100.0,64
643,24.6666666667,100.0,100.0,64
644,24.8888888889,100.0,100.0,64
645,25.1111111111,100.0,100.0,64
646,25.3333333333,100.0,100.0,64
647,25.5555555556,100.0,100.0,64
648,25.6666666667,100.0,100.0,64
649,25.7777777778,100.0,100.0,64
650,26.2222222222,100.0,100.0,65
651,26.3333333333,100.0,100.0,65
652,26.5555555556,100.0,100.0,65
653,26.8888888889,100.0,100.0,65
654,27.2222222222,100.0,100.0,65
655,27.7777777778,100.0,100.0,65
656,27.8888888889,100.0,100.0,65
657,28.2222222222,100.0,100.0,65
658,28.6666666667,100.0,100.0,65
659,28.7777777778,100.0,100.0,65
660,29.1111111111,100.0,100.0,66
661,29.5555555556,100.0,100.0,66
662,29.7777777778,100.0,100.0,66
663,29.8888888889,100.0,100.0,66
664,30.2222222222,100.0,100.0,66
665,30.6666666667,100.0,100.0,66
666,30.8888888889,100.0,100.0,66
667,31.3333333333,100.0,100.0,66
668,31.7777777778,100.0,100.0,66
669,32.2222222222,100.0,100.0,66
670,32.4444444444,100.0,100.0,67
671,33.0,100.0,100.0,67
672,33.3333333333,100.0,100.0,67
673,33.8888888889,100.0,100.0,67
674,34.2222222222,100.0,100.0,67
675,34.4444444444,100.0,100.0,67
676,34.7777777778,100.0,100.0,67
677,35.2222222222,100.0,100.0,67
678,35.6666666667,100.0,100.0,67
679,35.8888888889,100.0,100.0,67
680,36.1111111111,100.0,100.0,68
681,36.3333333333,100.0,100.0,68
682,36.7777777778,100.0,100.0,68
683,37.2222222222,100.0,100.0,68
684,37.8888888889,100.0,100.0,68
685,38.3333333333,100.0,100.0,68
686,38.7777777778,100.0,100.0,68
687,39.2222222222,100.0,100.0,68
688,39.5555555556,100.0,100.0,68
689,39.8888888889,100.0,100.0,68
690,39.8888888889,100.0,100.0,69
691,40.3333333333,100.0,100.0,69
692,40.7777777778,100.0,100.0,69
693,41.5555555556,100.0,100.0,69
694,42.5555555556,100.0,100.0,69
695,43.2222222222,100.0,100.0,69
696,44.0,100.0,100.0,69
697,44.7777777778,100.0,100.0,69
698,45.3333333333,100.0,100.0,69
699,45.7777777778,100.0,100.0,69
700,46.2222222222,100.0,100.0,70
701,46.6666666667,100.0,100.0,70
702,47.1111111111,100.0,100.0,70
703,47.6666666667,100.0,100.0,70
704,48.3333333333,100.0,100.0,70
705,48.8888888889,100.0,100.0,70
706,49.7777777778,100.0,100.0,70
707,50.3333333333,100.0,100.0,70
708,50.8888888889,100.0,100.0,70
709,51.3333333333,100.0,100.0,70
710,51.7777777778,100.0,100.0,71
711,52.4444444444,100.0,100.0,71
712,53.1111111111,100.0,100.0,71
713,53.6666666667,100.0,100.0,71
714,54.2222222222,100.0,100.0,71
715,55.3333333333,100.0,100.0,71
716,56.6666666667,100.0,100.0,71
717,57.5555555556,100.0,100.0,71
718,58.3333333333,100.0,100.0,71
719,59.3333333333,100.0,100.0,71
720,60.3333333333,100.0,100.0,72
721,61.2222222222,100.0,100.0,72
722,62.1111111111,100.0,100.0,72
723,63.3333333333,100.0,100.0,72
724,64.4444444444,100.0,100.0,72
725,65.4444444444,100.0,100.0,72
726,66.2222222222,100.0,100.0,72
727,67.7777777778,100.0,100.0,72
728,69.0,100.0,100.0,72
729,69.5555555556,100.0,100.0,72
730,70.1111111111,100.0,100.0,73
731,71.6666666667,100.0,100.0,73
732,73.0,100.0,100.0,73
733,74.4444444444,100.0,100.0,73
734,75.5555555556,100.0,100.0,73
735,77.0,100.0,100.0,73
736,78.4444444444,100.0,100.0,73
737,80.1111111111,100.0,100.0,73
738,81.6666666667,100.0,100.0,73
739,83.3333333333,100.0,100.0,73
740,85.3333333333,100.0,100.0,74
741,87.2222222222,100.0,100.0,74
742,89.0,100.0,100.0,74
743,90.5555555556,100.0,100.0,74
744,91.3333333333,100.0,100.0,74
745,91.7777777778,100.0,100.0,74
746,92.0,100.0,100.0,74
747,92.0,100.0,100.0,74
748,92.0,100.0,100.0,74
749,95.0,100.0,100.0,74
750,99.2222222222,100.0,100.0,75
751,99.2222222222,100.0,100.0,75
752,99.2222222222,100.0,100.0,75
753,99.2222222222,100.0,100.0,75
754,99.2222222222,100.0,100.0,75
755,99.2222222222,100.0,100.0,75
756,99.2222222222,100.0,100.0,75
757,99.2222222222,100.0,100.0,75
758,99.2222222222,100.0,100.0,75
759,100.0,100.0,100.0,75
760,100.0,100.0,100.0,76
761,100.0,100.0,100.0,76
762,100.0,100.0,100.0,76
763,100.0,100.0,100.0,76
764,100.0,100.0,100.0,76
765,100.0,100.0,100.0,76
766,100.0,100.0,100.0,76
767,100.0,100.0,100.0,76
768,100.0,100.0,100.0,76
769,100.0,100.0,100.0,76
770,100.0,100.0,100.0,77
771,100.0,100.0,100.0,77
772,100.0,100.0,100.0,77
773,100.0,100.0,100.0,77
774,100.0,100.0,100.0,77
775,100.0,100.0,100.0,77
776,100.0,100.0,100.0,77
777,100.0,100.0,100.0,77
778,100.0,100.0,100.0,77
779,100.0,100.0,100.0,77
780,100.0,100.0,100.0,78
781,100.0,100.0,100.0,78
782,100.0,100.0,100.0,78
783,100.0,100.0,100.0,78
784,100.0,100.0,100.0,78
785,100.0,100.0,100.0,78
786,100.0,100.0,100.0,78
787,100.0,100.0,100.0,78
788,100.0,100.0,100.0,78
789,100.0,100.0,100.0,78
790,100.0,100.0,100.0,79
791,100.0,100.0,100.0,79
792,100.0,100.0,100.0,79
793,100.0,100.0,100.0,79
794,100.0,100.0,100.0,79
795,100.0,100.0,100.0,79
796,100.0,100.0,100.0,79
797,100.0,100.0,100.0,79
798,100.0,100.0,100.0,79
799,100.0,100.0,100.0,79
800,100.0,100.0,100.0,80
801,100.0,100.0,100.0,80
802,100.0,100.0,100.0,80
803,100.0,100.0,100.0,80
804,100.0,100.0,100.0,80
805,100.0,100.0,100.0,80
806,100.0,100.0,100.0,80
807,100.0,100.0,100.0,80
808,100.0,100.0,100.0,80
809,100.0,100.0,100.0,80
810,100.0,100.0,100.0,81
811,100.0,100.0,100.0,81
812,100.0,100.0,100.0,81
813,100.0,100.0,100.0,81
814,100.0,100.0,100.0,81
815,100.0,100.0,100.0,81
816,100.0,100.0,100.0,81
817,100.0,100.0,100.0,81
818,100.0,100.0,100.0,81
819,100.0,100.0,100.0,81
820,100.0,100.0,100.0,82
821,100.0,100.0,100.0,82
822,100.0,100.0,100.0,82
823,100.0,100.0,100.0,82
824,100.0,100.0,100.0,82
825,100.0,100.0,100.0,82
826,100.0,100.0,100.0,82
827,100.0,100.0,100.0,82
828,100.0,100.0,100.0,82
829,100.0,100.0,100.0,82
830,100.0,100.0,100.0,83
831,100.0,100.0,100.0,83
832,100.0,100.0,100.0,83
833,100.0,100.0,100.0,83
834,100.0,100.0,100.0,83
835,100.0,100.0,100.0,83
836,100.0,100.0,100.0,83
837,100.0,100.0,100.0,83
838,100.0,100.0,100.0,83
839,100.0,100.0,100.0,83
840,100.0,100.0,100.0,84
841,100.0,100.0,100.0,84
842,100.0,100.0,100.0,84
843,100.0,100.0,100.0,84
844,100.0,100.0,100.0,84
845,100.0,100.0,100.0,84
846,100.0,100.0,100.0,84
847,100.0,100.0,100.0,84
848,100.0,100.0,100.0,84
849,100.0,100.0,100.0,84
850,100.0,100.0,100.0,85
851,100.0,100.0,100.0,85
852,100.0,100.0,100.0,85
853,100.0,100.0,100.0,85
854,100.0,100.0,100.0,85
855,100.0,100.0,100.0,85
856,100.0,100.0,100.0,85
857,100.0,100.0,100.0,85
858,100.0,100.0,100.0,85
859,100.0,100.0,100.0,85
860,100.0,100.0,100.0,86
861,100.0,100.0,100.0,86
862,100.0,100.0,100.0,86
863,100.0,100.0,100.0,86
864,100.0,100.0,100.0,86
865,100.0,100.0,100.0,86
866,100.0,100.0,100.0,86
867,100.0,100.0,100.0,86
868,100.0,100.0,100.0,86
869,100.0,100.0,100.0,86
870,100.0,100.0,100.0,87
871,100.0,100.0,100.0,87
872,100.0,100.0,100.0,87
873,100.0,100.0,100.0,87
874,100.0,100.0,100.0,87
875,100.0,100.0,100.0,87
876,100.0,100.0,100.0,87
877,100.0,100.0,100.0,87
878,100.0,100.0,100.0,87
879,100.0,100.0,100.0,87
880,100.0,100.0,100.0,88
881,100.0,100.0,100.0,88
882,100.0,100.0,100.0,88
883,100.0,100.0,100.0,88
884,100.0,100.0,100.0,88
885,100.0,100.0,100.0,88
886,100.0,100.0,100.0,88
887,100.0,100.0,100.0,88
888,100.0,100.0,100.0,88
889,100.0,100.0,100.0,88
890,100.0,100.0,100.0,89
891,100.0,100.0,100.0,89
892,100.0,100.0,100.0,89
893,100.0,100.0,100.0,89
894,100.0,100.0,100.0,89
895,100.0,100.0,100.0,89
896,100.0,100.0,100.0,89
897,100.0,100.0,100.0,89
898,100.0,100.0,100.0,89
899,100.0,100.0,100.0,89
900,100.0,100.0,100.0,90
901,100.0,100.0,100.0,90
902,100.0,100.0,100.0,90
903,100.0,100.0,100.0,90
904,100.0,100.0,100.0,90
905,100.0,100.0,100.0,90
906,100.0,100.0,100.0,90
907,100.0,100.0,100.0,90
908,100.0,100.0,100.0,90
909,100.0,100.0,100.0,90
910,100.0,100.0,100.0,91
911,100.0,100.0,100.0,91
912,100.0,100.0,100.0,91
913,100.0,100.0,100.0,91
914,100.0,100.0,100.0,91
915,100.0,100.0,100.0,91
916,100.0,100.0,100.0,91
917,100.0,100.0,100.0,91
918,100.0,100.0,100.0,91
919,100.0,100.0,100.0,91
920,100.0,100.0,100.0,92
921,100.0,100.0,100.0,92
922,100.0,100.0,100.0,92
923,100.0,100.0,100.0,92
924,100.0,100.0,100.0,92
925,100.0,100.0,100.0,92
926,100.0,100.0,100.0,92
927,100.0,100.0,100.0,92
928,100.0,100.0,100.0,92
929,100.0,100.0,100.0,92
930,100.0,100.0,100.0,93
931,100.0,100.0,100.0,93
932,100.0,100.0,100.0,93
933,100.0,100.0,100.0,93
934,100.0,100.0,100.0,93
935,100.0,100.0,100.0,93
936,100.0,100.0,100.0,93
937,100.0,100.0,100.0,93
938,100.0,100.0,100.0,93
939,100.0,100.0,100.0,93
940,100.0,100.0,100.0,94
941,100.0,100.0,100.0,94
942,100.0,100.0,100.0,94
943,100.0,100.0,100.0,94
944,100.0,100.0,100.0,94
945,100.0,100.0,100.0,94
946,100.0,100.0,100.0,94
947,100.0,100.0,100.0,94
948,100.0,100.0,100.0,94
949,100.0,100.0,100.0,94
950,100.0,100.0,100.0,95
951,100.0,100.0,100.0,95
952,100.0,100.0,100.0,95
953,100.0,100.0,100.0,95
954,100.0,100.0,100.0,95
955,100.0,100.0,100.0,95
956,100.0,100.0,100.0,95
957,100.0,100.0,100.0,95
958,100.0,100.0,100.0,95
959,100.0,100.0,100.0,95
960,100.0,100.0,100.0,96
961,100.0,100.0,100.0,96
962,100.0,100.0,100.0,96
963,100.0,100.0,100.0,96
964,100.0,100.0,100.0,96
965,100.0,100.0,100.0,96
966,100.0,100.0,100.0,96
967,100.0,100.0,100.0,96
968,100.0,100.0,100.0,96
969,100.0,100.0,100.0,96
970,100.0,100.0,100.0,97
971,100.0,100.0,100.0,97
972,100.0,100.0,100.0,97
973,100.0,100.0,100.0,97
974,100.0,100.0,100.0,97
975,100.0,100.0,100.0,97
976,100.0,100.0,100.0,97
977,100.0,100.0,100.0,97
978,100.0,100.0,100.0,97
979,100.0,100.0,100.0,97
980,100.0,100.0,100.0,98
981,100.0,100.0,100.0,98
982,100.0,100.0,100.0,98
983,100.0,100.0,100.0,98
984,100.0,100.0,100.0,98
985,100.0,100.0,100.0,98
986,100.0,100.0,100.0,98
987,100.0,100.0,100.0,98
988,100.0,100.0,100.0,98
989,100.0,100.0,100.0,98
990,100.0,100.0,100.0,99
991,100.0,100.0,100.0,99
992,100.0,100.0,100.0,99
993,100.0,100.0,100.0,99
994,100.0,100.0,100.0,99
995,100.0,100.0,100.0,99
996,100.0,100.0,100.0,99
997,100.0,100.0,100.0,99
998,100.0,100.0,100.0,99
999,100.0,100.0,100.0,99
1000,100.0,100.0,100.0,100
1001,100.0,100.0,100.0,100
1002,100.0,100.0,100.0,100
1003,100.0,100.0,100.0,100
1004,100.0,100.0,100.0,100
1005,100.0,100.0,100.0,100
1006,100.0,100.0,100.0,100
1007,100.0,100.0,100.0,100
1008,100.0,100.0,100.0,100
1009,100.0,100.0,100.0,100
1010,100.0,100.0,100.0,100
1011,100.0,100.0,100.0,100
1012,100.0,100.0,100.0,100
1013,100.0,100.0,100.0,100
1014,100.0,100.0,100.0,100
1015,100.0,100.0,100.0,100
1016,100.0,100.0,100.0,100
1017,100.0,100.0,100.0,100
1018,100.0,100.0,100.0,100
1019,100.0,100.0,100.0,100
1020,100.0,100.0,100.0,100
1021,100.0,100.0,100.0,100
1022,100.0,100.0,100.0,100
1023,100.0,100.0,100.0,100
1024,100.0,100.0,100.0,100
1025,100.0,100.0,100.0,100
