Time(s),MinimumBattery(s),MaximumBattery(s),AverageBattery(s)
0,28799,41999,38699
1,28798,41998,38698
2,28797,41997,38697
3,28796,41996,38696
4,28795,41995,38695
5,28794,41994,38694
6,28793,41993,38692
7,28792,41992,38691
8,28791,41991,38690
9,28790,41990,38689
10,28789,41989,38688
11,28788,41988,38687
12,28787,41987,38686
13,28786,41986,38685
14,28785,41985,38684
15,28784,41984,38683
16,28783,41983,38682
17,28782,41982,38681
18,28781,41981,38680
19,28780,41980,38679
20,28779,41979,38678
21,28778,41978,38677
22,28777,41977,38676
23,28776,41976,38675
24,28775,41975,38674
25,28774,41974,38673
26,28773,41973,38672
27,28772,41972,38671
28,28771,41971,38670
29,28770,41970,38669
30,28769,41969,38668
31,28768,41968,38666
32,28767,41967,38665
33,28766,41966,38664
34,28765,41965,38663
35,28764,41964,38662
36,28763,41963,38661
37,28762,41962,38660
38,28761,41961,38659
39,28760,41960,38658
40,28759,41959,38657
41,28758,41958,38655
42,28757,41957,38654
43,28756,41956,38653
44,28755,41955,38652
45,28754,41954,38650
46,28753,41953,38649
47,28752,41952,38648
48,28751,41951,38647
49,28750,41950,38646
50,28749,41949,38645
51,28748,41948,38643
52,28747,41947,38642
53,28746,41946,38641
54,28745,41945,38640
55,28744,41944,38639
56,28743,41943,38637
57,28742,41942,38636
58,28741,41941,38635
59,28740,41940,38633
60,28739,41939,38632
61,28738,41938,38630
62,28737,41937,38629
63,28736,41936,38627
64,28735,41935,38626
65,28734,41934,38625
66,28733,41933,38624
67,28732,41932,38622
68,28731,41931,38621
69,28730,41930,38620
70,28729,41929,38618
71,28728,41928,38617
72,28727,41927,38616
73,28726,41926,38615
74,28725,41925,38614
75,28724,41924,38613
76,28723,41923,38611
77,28722,41922,38610
78,28721,41921,38609
79,28720,41920,38608
80,28719,41919,38606
81,28718,41918,38605
82,28717,41917,38603
83,28716,41916,38601
84,28715,41915,38600
85,28714,41914,38599
86,28713,41913,38597
87,28712,41912,38596
88,28711,41911,38595
89,28710,41910,38594
90,28709,41909,38592
91,28708,41908,38591
92,28707,41907,38590
93,28706,41906,38589
94,28705,41905,38588
95,28704,41904,38587
96,28703,41903,38586
97,28702,41902,38585
98,28701,41901,38584
99,28700,41900,38582
100,28699,41899,38581
101,28698,41898,38578
102,28697,41897,38577
103,28696,41896,38576
104,28695,41895,38575
105,28694,41894,38574
106,28693,41893,38572
107,28692,41892,38571
108,28691,41891,38570
109,28690,41890,38569
110,28689,41889,38568
111,28688,41888,38567
112,28687,41887,38566
113,28686,41886,38565
114,28685,41885,38564
115,28684,41884,38563
116,28683,41883,38561
117,28682,41882,38560
118,28681,41881,38559
119,28680,41880,38558
120,28679,41879,38557
121,28678,41878,38556
122,28677,41877,38555
123,28676,41876,38552
124,28675,41875,38551
125,28674,41874,38550
126,28673,41873,38548
127,28672,41872,38547
128,28671,41871,38546
129,28670,41870,38544
130,28669,41869,38543
131,28668,41868,38540
132,28667,41867,38538
133,28666,41866,38537
134,28665,41865,38535
135,28664,41864,38534
136,28663,41863,38533
137,28662,41862,38532
138,28661,41861,38531
139,28660,41860,38529
140,28659,41859,38528
141,28658,41858,38527
142,28657,41857,38524
143,28656,41856,38523
144,28655,41855,38522
145,28654,41854,38521
146,28653,41853,38520
147,28652,41852,38519
148,28651,41851,38518
149,28650,41850,38517
150,28649,41849,38516
151,28648,41848,38515
152,28647,41847,38514
153,28646,41846,38512
154,28645,41845,38511
155,28644,41844,38510
156,28643,41843,38508
157,28642,41842,38506
158,28641,41841,38505
159,28640,41840,38504
160,28639,41839,38503
161,28638,41838,38502
162,28637,41837,38500
163,28636,41836,38499
164,28635,41835,38498
165,28634,41834,38497
166,28633,41833,38496
167,28632,41832,38495
168,28631,41831,38494
169,28630,41830,38493
170,28629,41829,38491
171,28628,41828,38490
172,28627,41827,38488
173,28626,41826,38487
174,28625,41825,38486
175,28624,41824,38485
176,28623,41823,38484
177,28622,41822,38483
178,28621,41821,38482
179,28620,41820,38481
180,28619,41819,38478
181,28618,41818,38477
182,28617,41817,38474
183,28616,41816,38473
184,28615,41815,38470
185,28614,41814,38468
186,28613,41813,38467
187,28612,41812,38466
188,28611,41811,38465
189,28610,41810,38463
190,28609,41809,38462
191,28608,41808,38461
192,28607,41807,38460
193,28606,41806,38458
194,28605,41805,38457
195,28604,41804,38455
196,28603,41803,38454
197,28602,41802,38453
198,28601,41801,38452
199,28600,41800,38450
200,28599,41799,38449
201,28598,41798,38448
202,28597,41797,38447
203,28596,41796,38446
204,28595,41795,38445
205,28594,41794,38444
206,28593,41793,38443
207,28592,41792,38442
208,28591,41791,38441
209,28590,41790,38440
210,28589,41789,38439
211,28588,41788,38437
212,28587,41787,38436
213,28586,41786,38435
214,28585,41785,38433
215,28584,41784,38431
216,28583,41783,38430
217,28582,41782,38429
218,28581,41781,38428
219,28580,41780,38427
220,28579,41779,38426
221,28578,41778,38425
222,28577,41777,38424
223,28576,41776,38423
224,28575,41775,38422
225,28574,41774,38421
226,28573,41773,38419
227,28572,41772,38418
228,28571,41771,38417
229,28570,41770,38416
230,28569,41769,38415
231,28568,41768,38414
232,28567,41767,38410
233,28566,41766,38409
234,28565,41765,38408
235,28564,41764,38407
236,28563,41763,38404
237,28562,41762,38403
238,28561,41761,38401
239,28560,41760,38400
240,28559,41759,38399
241,28357,41758,38397
242,28356,41757,38396
243,28355,41756,38395
244,28354,41755,38394
245,28353,41754,38393
246,28352,41753,38392
247,28351,41752,38391
248,28350,41751,38390
249,28349,41750,38389
250,28348,41749,38388
251,28347,41748,38387
252,28346,41747,38386
253,28345,41746,38385
254,28344,41745,38384
255,28343,41744,38383
256,28342,41743,38382
257,28341,41742,38381
258,28340,41741,38380
259,28339,41740,38379
260,28271,41739,38376
261,28270,41738,38375
262,28269,41737,38374
263,28268,41736,38369
264,28267,41735,38368
265,28266,41734,38367
266,28265,41733,38366
267,28264,41732,38365
268,28263,41731,38364
269,28258,41730,38361
270,28257,41729,38360
271,28256,41728,38359
272,28255,41727,38358
273,28254,41726,38357
274,28253,41725,38354
275,28252,41724,38353
276,28251,41723,38352
277,28250,41722,38349
278,28249,41721,38348
279,28248,41720,38347
280,28247,41719,38346
281,28246,41718,38341
282,28245,41717,38340
283,28244,41716,38339
284,28243,41715,38338
285,28242,41714,38337
286,28241,41713,38336
287,28240,41712,38335
288,28239,41711,38334
289,28238,41710,38331
290,28237,41709,38330
291,28236,41708,38329
292,28235,41707,38326
293,28234,41706,38325
294,28233,41705,38324
295,28232,41704,38323
296,28231,41703,38322
297,28230,41702,38316
298,28229,41701,38313
299,28228,41700,38312
300,28227,41699,38311
301,28226,41698,38308
302,28225,41697,38305
303,28224,41696,38304
304,28223,41695,38303
305,28222,41694,38302
306,28221,41693,38301
307,28220,41692,38300
308,28219,41691,38299
309,28218,41690,38298
310,28217,41689,38297
311,28216,41688,38296
312,28215,41687,38295
313,28214,41686,38294
314,28213,41685,38293
315,28212,41684,38292
316,28211,41683,38291
317,28210,41682,38290
318,28209,41681,38289
319,28208,41680,38288
320,28207,41679,38287
321,28206,41678,38286
322,28205,41677,38285
323,28204,41676,38284
324,28203,41675,38283
325,28202,41674,38280
326,28201,41673,38279
327,28200,41672,38278
328,28199,41671,38273
329,28198,41670,38272
330,28197,41669,38271
331,28196,41668,38270
332,28195,41667,38269
333,28194,41666,38266
334,28193,41665,38265
335,28192,41664,38264
336,28191,41663,38263
337,28190,41662,38262
338,28189,41661,38261
339,28188,41660,38260
340,27939,41659,38257
341,27938,41658,38256
342,27937,41657,38253
343,27936,41656,38252
344,27935,41655,38251
345,27934,41654,38250
346,27933,41653,38246
347,27932,41652,38243
348,27931,41651,38240
349,27930,41650,38239
350,27929,41649,38238
351,27928,41648,38237
352,27927,41647,38236
353,27926,41646,38233
354,27925,41645,38232
355,27924,41644,38231
356,27923,41643,38230
357,27922,41642,38227
358,27921,41641,38226
359,27920,41640,38225
360,27919,41639,38220
361,27918,41638,38219
362,27917,41637,38218
363,27916,41636,38215
364,27915,41635,38214
365,27914,41634,38213
366,27913,41633,38209
367,27912,41632,38208
368,27899,41631,38205
369,27898,41630,38204
370,27897,41629,38203
371,27896,41628,38202
372,27895,41627,38201
373,27894,41626,38200
374,27893,41625,38199
375,27892,41624,38198
376,27891,41623,38197
377,27890,41622,38196
378,27889,41621,38195
379,27888,41620,38194
380,27887,41619,38193
381,27886,41618,38192
382,27885,41617,38191
383,27884,41616,38190
384,27883,41615,38189
385,27882,41614,38188
386,27881,41613,38187
387,27880,41612,38186
388,27879,41611,38185
389,27878,41610,38184
390,27877,41609,38183
391,27876,41608,38182
392,27875,41607,38179
393,27874,41606,38178
394,27873,41605,38177
395,27872,41604,38172
396,27871,41603,38171
397,27870,41602,38170
398,27869,41601,38167
399,27868,41600,38166
400,27867,41599,38165
401,27866,41598,38164
402,27865,41597,38163
403,27864,41596,38162
404,27863,41595,38160
405,27862,41594,38159
406,27861,41593,38158
407,27860,41592,38155
408,27859,41591,38154
409,27858,41590,38151
410,27857,41589,38150
411,27856,41588,38147
412,27855,41587,38144
413,27854,41586,38143
414,27853,41585,38142
415,27852,41584,38141
416,27851,41583,38139
417,27850,41582,38138
418,27849,41581,38137
419,27848,41580,38134
420,27847,41579,38133
421,27846,41578,38130
422,27845,41577,38129
423,27844,41576,38126
424,27843,41575,38125
425,27842,41574,38122
426,27841,41573,38121
427,27840,41572,38118
428,27839,41571,38117
429,27838,41570,38116
430,27837,41569,38115
431,27836,41568,38114
432,27835,41567,38111
433,27830,41566,38108
434,27829,41565,38107
435,27828,41564,38106
436,27827,41563,38105
437,27826,41562,38104
438,27825,41561,38103
439,27824,41560,38102
440,27823,41559,38101
441,27822,41558,38100
442,27821,41557,38099
443,27820,41556,38098
444,27819,41555,38097
445,27818,41554,38096
446,27817,41553,38095
447,27816,41552,38094
448,27815,41551,38093
449,27814,41550,38092
450,27813,41549,38091
451,27812,41548,38090
452,27811,41547,38089
453,27810,41546,38088
454,27809,41545,38087
455,27808,41544,38086
456,27807,41543,38085
457,27806,41542,38084
458,27805,41541,38081
459,27804,41540,38078
460,27803,41539,38077
461,27802,41538,38075
462,27801,41537,38072
463,27800,41536,38071
464,27799,41535,38070
465,27798,41534,38069
466,27797,41533,38067
467,27796,41532,38064
468,27795,41531,38063
469,27794,41530,38062
470,27793,41529,38059
471,27792,41528,38058
472,27791,41527,38057
473,27790,41526,38054
474,27789,41525,38053
475,27788,41524,38052
476,27787,41523,38049
477,27786,41522,38048
478,27785,41521,38045
479,27784,41520,38044
480,27783,41519,38043
481,27782,41518,38042
482,27781,41517,38041
483,27780,41516,38040
484,27779,41515,38039
485,27778,41514,38036
486,27777,41513,38033
487,27776,41512,38032
488,27775,41511,38031
489,27774,41510,38026
490,27773,41509,38025
491,27772,41508,38022
492,27771,41507,38021
493,27770,41506,38020
494,27769,41505,38019
495,27768,41504,38018
496,27767,41503,38017
497,27766,41502,38012
498,27765,41501,38011
499,27764,41500,38010
500,27763,41499,38009
501,27762,41498,38008
502,27761,41497,38007
503,27760,41496,38006
504,27759,41495,38005
505,27758,41494,38004
506,27757,41493,38003
507,27756,41492,38002
508,27755,41491,38001
509,27754,41490,38000
510,27753,41489,37999
511,27752,41488,37998
512,27751,41487,37997
513,27750,41486,37996
514,27749,41485,37995
515,27748,41484,37994
516,27747,41483,37993
517,27746,41482,37992
518,27745,41481,37991
519,27744,41480,37990
520,27743,41479,37989
521,27742,41478,37988
522,27741,41477,37985
523,27740,41476,37982
524,27739,41475,37981
525,27738,41474,37980
526,27737,41473,37979
527,27736,41472,37978
528,27735,41471,37975
529,27734,41470,37972
530,27733,41469,37971
531,27732,41468,37970
532,27731,41467,37969
533,27730,41466,37968
534,27729,41465,37965
535,27728,41464,37964
536,27727,41463,37961
537,27726,41462,37960
538,27725,41461,37957
539,27724,41460,37954
540,27723,41459,37953
541,27722,41458,37952
542,27721,41457,37949
543,27720,41456,37948
544,27719,41455,37947
545,27718,41454,37946
546,27717,41453,37945
547,27716,41452,37944
548,27715,41451,37943
549,27714,41450,37942
550,27713,41449,37939
551,27712,41448,37938
552,27711,41447,37933
553,27710,41446,37932
554,27709,41445,37929
555,27708,41444,37928
556,27707,41443,37927
557,27706,41442,37926
558,27705,41441,37925
559,27704,41440,37922
560,27703,41439,37921
561,27702,41438,37918
562,27701,41437,37915
563,27700,41436,37914
564,27699,41435,37913
565,27698,41434,37912
566,27697,41433,37911
567,27696,41432,37910
568,27695,41431,37909
569,27694,41430,37908
570,27693,41429,37907
571,27692,41428,37906
572,27691,41427,37905
573,27690,41426,37904
574,27689,41425,37903
575,27688,41424,37902
576,27687,41423,37901
577,27686,41422,37900
578,27685,41421,37899
579,27684,41420,37898
580,27683,41419,37897
581,27682,41418,37896
582,27681,41417,37895
583,27680,41416,37894
584,27679,41415,37893
585,27678,41414,37892
586,27677,41413,37891
587,27676,41412,37888
588,27675,41411,37885
589,27674,41410,37884
590,27673,41409,37883
591,27672,41408,37880
592,27671,41407,37879
593,27670,41406,37876
594,27669,41405,37875
595,27668,41404,37874
596,27667,41403,37873
597,27666,41402,37872
598,27665,41401,37871
599,27664,41400,37868
600,27663,41399,37865
601,27662,41398,37862
602,27661,41397,37861
603,27660,41396,37858
604,27659,41395,37857
605,27658,41394,37856
606,27657,41393,37853
607,27656,41392,37852
608,27655,41391,37851
609,27654,41390,37850
610,27653,41389,37849
611,27652,41388,37848
612,27651,41387,37847
613,27650,41386,37846
614,27649,41385,37845
615,27648,41384,37842
616,27647,41383,37839
617,27646,41382,37838
618,27637,41381,37833
619,27636,41380,37832
620,27635,41379,37831
621,27634,41378,37830
622,27633,41377,37829
623,27632,41376,37826
624,27631,41375,37825
625,27630,41374,37824
626,27629,41373,37823
627,27628,41372,37822
628,27627,41371,37821
629,27626,41370,37820
630,27625,41369,37819
631,27624,41368,37818
632,27623,41367,37817
633,27622,41366,37816
634,27621,41365,37815
635,27620,41364,37814
636,27619,41363,37813
637,27618,41362,37812
638,27617,41361,37811
639,27616,41360,37810
640,27615,41359,37809
641,27614,41358,37808
642,27613,41357,37807
643,27612,41356,37806
644,27611,41355,37805
645,27610,41354,37804
646,27609,41353,37803
647,27608,41352,37802
648,27607,41351,37801
649,27606,41350,37800
650,27605,41349,37799
651,27604,41348,37798
652,27603,41347,37795
653,27602,41346,37794
654,27601,41345,37793
655,27600,41344,37792
656,27599,41343,37791
657,27598,41342,37790
658,27597,41341,37789
659,27596,41340,37788
660,27595,41339,37787
661,27594,41338,37786
662,27593,41337,37785
663,27592,41336,37784
664,27591,41335,37783
665,27590,41334,37782
666,27589,41333,37781
667,27588,41332,37780
668,27587,41331,37779
669,27586,41330,37778
670,27585,41329,37777
671,27584,41328,37776
672,27583,41327,37775
673,27582,41326,37774
674,27581,41325,37773
675,27580,41324,37772
676,27579,41323,37771
677,27578,41322,37770
678,27577,41321,37769
679,27576,41320,37768
680,27575,41319,37767
681,27574,41318,37766
682,27573,41317,37765
683,27572,41316,37764
684,27571,41315,37763
685,27570,41314,37762
686,27569,41313,37761
687,27568,41312,37760
688,27567,41311,37759
689,27566,41310,37758
690,27565,41309,37757
691,27564,41308,37756
692,27563,41307,37755
693,27562,41306,37754
694,27561,41305,37753
695,27560,41304,37752
696,27559,41303,37751
697,27558,41302,37750
698,27557,41301,37749
699,27556,41300,37748
700,27555,41299,37747
701,27554,41298,37746
702,27553,41297,37745
703,27552,41296,37744
704,27551,41295,37743
705,27550,41294,37742
706,27549,41293,37741
707,27548,41292,37740
708,27547,41291,37739
709,27546,41290,37738
710,27545,41289,37737
711,27544,41288,37736
712,27543,41287,37735
713,27542,41286,37734
714,27541,41285,37733
715,27540,41284,37732
716,27539,41283,37731
717,27538,41282,37730
718,27537,41281,37729
719,27536,41280,37728
720,27535,41279,37727
721,27534,41278,37725
722,27533,41277,37724
723,27532,41276,37723
724,27531,41275,37722
725,27530,41274,37721
726,27529,41273,37720
727,27528,41272,37719
728,27527,41271,37718
729,27526,41270,37717
730,27525,41269,37716
731,27524,41268,37715
732,27523,41267,37714
733,27522,41266,37713
734,27521,41265,37712
735,27520,41264,37711
736,27519,41263,37710
737,27518,41262,37709
738,27517,41261,37708
739,27516,41260,37707
740,27515,41259,37706
741,27514,41258,37705
742,27513,41257,37704
743,27512,41256,37703
744,27511,41255,37702
745,27510,41254,37701
746,27509,41253,37700
747,27508,41252,37699
748,27507,41251,37698
749,27506,41250,37697
750,27505,41249,37696
751,27504,41248,37695
752,27503,41247,37694
753,27502,41246,37693
754,27501,41245,37692
755,27500,41244,37691
756,27499,41243,37690
757,27498,41242,37689
758,27497,41241,37688
759,27496,41240,37687
760,27495,41239,37686
761,27494,41238,37685
762,27493,41237,37684
763,27492,41236,37683
764,27491,41235,37682
765,27490,41234,37681
766,27489,41233,37680
767,27488,41232,37679
768,27487,41231,37678
769,27486,41230,37677
770,27485,41229,37676
771,27484,41228,37675
772,27483,41227,37674
773,27482,41226,37673
774,27481,41225,37672
775,27480,41224,37671
776,27479,41223,37670
777,27478,41222,37669
778,27477,41221,37668
779,27476,41220,37667
780,27475,41219,37666
781,27474,41218,37665
782,27473,41217,37664
783,27472,41216,37663
784,27471,41215,37662
785,27470,41214,37661
786,27469,41213,37660
787,27468,41212,37659
788,27467,41211,37658
789,27466,41210,37657
790,27465,41209,37656
791,27464,41208,37655
792,27463,41207,37654
793,27462,41206,37653
794,27461,41205,37652
795,27460,41204,37651
796,27459,41203,37650
797,27458,41202,37649
798,27457,41201,37648
799,27456,41200,37647
800,27455,41199,37646
801,27454,41198,37645
802,27453,41197,37644
803,27452,41196,37643
804,27451,41195,37642
805,27450,41194,37641
806,27449,41193,37640
807,27448,41192,37639
808,27447,41191,37638
809,27446,41190,37637
810,27445,41189,37636
811,27444,41188,37635
812,27443,41187,37634
813,27442,41186,37633
814,27441,41185,37632
815,27440,41184,37631
816,27439,41183,37630
817,27438,41182,37629
818,27437,41181,37628
819,27436,41180,37627
820,27435,41179,37626
821,27434,41178,37624
822,27433,41177,37623
823,27432,41176,37617
824,27431,41175,37616
825,27430,41174,37610
826,27429,41173,37609
827,27428,41172,37608
828,27427,41171,37607
829,27426,41170,37606
830,27425,41169,37605
831,27424,41168,37604
832,27423,41167,37603
833,27422,41166,37602
834,27421,41165,37601
835,27420,41164,37600
836,27419,41163,37599
837,27418,41162,37598
838,27417,41161,37597
839,27416,41160,37596
840,27415,41159,37595
841,27414,41158,37594
842,27413,41157,37593
843,27412,41156,37592
844,27411,41155,37591
845,27410,41154,37590
846,27409,41153,37589
847,27408,41152,37588
848,27407,41151,37587
849,27406,41150,37586
850,27405,41149,37585
851,27404,41148,37584
852,27403,41147,37583
853,27402,41146,37576
854,27401,41145,37575
855,27400,41144,37569
856,27399,41143,37568
857,27398,41142,37562
858,27397,41141,37561
859,27396,41140,37560
860,27395,41139,37559
861,27394,41138,37558
862,27393,41137,37557
863,27392,41136,37556
864,27391,41135,37555
865,27390,41134,37554
866,27389,41133,37553
867,27388,41132,37552
868,27387,41131,37551
869,27386,41130,37550
870,27385,41129,37549
871,27384,41128,37548
872,27383,41127,37547
873,27382,41126,37546
874,27381,41125,37545
875,27380,41124,37544
876,27379,41123,37543
877,27378,41122,37542
878,27377,41121,37541
879,27376,41120,37540
880,27375,41119,37539
881,27374,41118,37538
882,27373,41117,37537
883,27372,41116,37536
884,27371,41115,37535
885,27370,41114,37534
886,27369,41113,37532
887,27368,41112,37526
888,27367,41111,37525
889,27366,41110,37524
890,27365,41109,37523
891,27364,41108,37522
892,27363,41107,37521
893,27362,41106,37520
894,27361,41105,37519
895,27360,41104,37518
896,27359,41103,37517
897,27358,41102,37516
898,27357,41101,37515
899,27356,41100,37514
900,27355,41099,37513
901,27354,41098,37512
902,27353,41097,37511
903,27352,41096,37510
904,27351,41095,37509
905,27350,41094,37508
906,27349,41093,37507
907,27348,41092,37506
908,27347,41091,37505
909,27346,41090,37504
910,27345,41089,37503
911,27344,41088,37502
912,27343,41087,37501
913,27342,41086,37500
914,27341,41085,37499
915,27340,41084,37498
916,27339,41083,37497
917,27338,41082,37496
918,27337,41081,37495
919,27336,41080,37494
920,27335,41079,37493
921,27334,41078,37492
922,27333,41077,37491
923,27332,41076,37490
924,27331,41075,37489
925,27330,41074,37488
926,27329,41073,37487
927,27328,41072,37486
928,27327,41071,37485
929,27326,41070,37484
930,27325,41069,37483
931,27324,41068,37482
932,27323,41067,37481
933,27322,41066,37480
934,27321,41065,37479
935,27320,41064,37472
936,27319,41063,37471
937,27318,41062,37470
938,27317,41061,37469
939,27316,41060,37468
940,27315,41059,37467
941,27314,41058,37466
942,27313,41057,37465
943,27312,41056,37464
944,27311,41055,37463
945,27310,41054,37462
946,27309,41053,37461
947,27308,41052,37460
948,27307,41051,37459
949,27306,41050,37458
950,27305,41049,37457
951,27304,41048,37456
952,27303,41047,37455
953,27302,41046,37454
954,27301,41045,37453
955,27300,41044,37452
956,27299,41043,37451
957,27298,41042,37450
958,27297,41041,37449
959,27296,41040,37448
960,27295,41039,37447
961,27294,41038,37446
962,27293,41037,37445
963,27292,41036,37444
964,27291,41035,37443
965,27290,41034,37442
966,27289,41033,37441
967,27288,41032,37440
968,27287,41031,37439
969,27286,41030,37438
970,27285,41029,37437
971,27284,41028,37436
972,27283,41027,37435
973,27282,41026,37434
974,27281,41025,37433
975,27280,41024,37432
976,27279,41023,37431
977,27278,41022,37430
978,27277,41021,37429
979,27276,41020,37428
980,27275,41019,37427
981,27274,41018,37426
982,27273,41017,37425
983,27272,41016,37424
984,27271,41015,37423
985,27270,41014,37417
986,27269,41013,37416
987,27268,41012,37415
988,27267,41011,37414
989,27266,41010,37413
990,27265,41009,37412
991,27264,41008,37411
992,27263,41007,37410
993,27262,41006,37409
994,27261,41005,37408
995,27260,41004,37407
996,27259,41003,37405
997,27258,41002,37404
998,27257,41001,37403
999,27256,41000,37402
1000,27255,40999,37401
1001,27254,40998,37400
1002,27253,40997,37399
1003,27252,40996,37398
1004,27251,40995,37397
1005,27250,40994,37396
1006,27249,40993,37395
1007,27248,40992,37394
1008,27247,40991,37393
1009,27246,40990,37392
1010,27245,40989,37391
1011,27244,40988,37390
1012,27243,40987,37389
1013,27242,40986,37388
1014,27241,40985,37387
1015,27240,40984,37386
1016,27239,40983,37385
1017,27238,40982,37384
1018,27237,40981,37383
1019,27236,40980,37382
1020,27235,40979,37381
1021,27234,40978,37380
1022,27233,40977,37379
1023,27232,40976,37378
1024,27231,40975,37377
1025,27230,40974,37376
1026,27229,40973,37375
1027,27228,40972,37374
1028,27227,40971,37373
1029,27226,40970,37372
1030,27225,40969,37371
1031,27224,40968,37370
1032,27223,40967,37369
1033,27222,40966,37368
1034,27221,40965,37362
1035,27220,40964,37361
1036,27219,40963,37360
1037,27218,40962,37359
1038,27217,40961,37358
1039,27216,40960,37357
1040,27215,40959,37356
1041,27214,40958,37355
1042,27213,40957,37354
1043,27212,40956,37353
1044,27211,40955,37352
1045,27210,40954,37351
1046,27209,40953,37350
1047,27208,40952,37349
1048,27207,40951,37348
1049,27206,40950,37347
1050,27205,40949,37346
1051,27204,40948,37345
1052,27203,40947,37344
1053,27202,40946,37343
1054,27201,40945,37342
1055,27200,40944,37341
1056,27199,40943,37340
1057,27198,40942,37339
1058,27197,40941,37338
1059,27196,40940,37337
1060,27195,40939,37336
1061,27194,40938,37335
1062,27193,40937,37334
1063,27192,40936,37333
1064,27191,40935,37332
1065,27190,40934,37331
1066,27189,40933,37330
1067,27188,40932,37329
1068,27187,40931,37328
1069,27186,40930,37327
1070,27185,40929,37326
1071,27184,40928,37324
1072,27183,40927,37323
1073,27182,40926,37322
1074,27181,40925,37321
1075,27180,40924,37320
1076,27179,40923,37319
1077,27178,40922,37318
1078,27177,40921,37317
1079,27176,40920,37316
1080,27175,40919,37315
1081,27174,40918,37314
1082,27173,40917,37313
1083,27172,40916,37307
1084,27171,40915,37306
1085,27170,40914,37305
1086,27169,40913,37304
1087,27168,40912,37293
1088,27167,40911,37292
1089,27166,40910,37291
1090,27165,40909,37290
1091,27164,40908,37288
1092,27163,40907,37287
1093,27162,40906,37286
1094,27161,40905,37285
1095,27160,40904,37284
1096,27159,40903,37283
1097,27158,40902,37282
1098,27157,40901,37281
1099,27156,40900,37280
1100,27155,40899,37279
1101,27154,40898,37278
1102,27153,40897,37277
1103,27152,40896,37276
1104,27151,40895,37275
1105,27150,40894,37274
1106,27149,40893,37273
1107,27148,40892,37272
1108,27147,40891,37271
1109,27146,40890,37270
1110,27145,40889,37269
1111,27144,40888,37268
1112,27143,40887,37267
1113,27142,40886,37266
1114,27141,40885,37265
1115,27140,40884,37264
1116,27139,40883,37263
1117,27138,40882,37257
1118,27137,40881,37256
1119,27136,40880,37250
1120,27135,40879,37243
1121,27134,40878,37242
1122,27133,40877,37241
1123,27132,40876,37240
1124,27131,40875,37239
1125,27130,40874,37238
1126,27129,40873,37237
1127,27128,40872,37236
1128,27127,40871,37235
1129,27126,40870,37234
1130,27125,40869,37233
1131,27124,40868,37232
1132,27123,40867,37231
1133,27122,40866,37230
1134,27121,40865,37224
1135,27120,40864,37223
1136,27119,40863,37222
1137,27118,40862,37221
1138,27117,40861,37220
1139,27116,40860,37219
1140,27115,40859,37218
1141,27114,40858,37217
1142,27113,40857,37216
1143,27112,40856,37215
1144,27111,40855,37214
1145,27110,40854,37213
1146,27109,40853,37212
1147,27108,40852,37211
1148,27107,40851,37210
1149,27106,40850,37209
1150,27105,40849,37208
1151,27104,40848,37207
1152,27103,40847,37201
1153,27102,40846,37200
1154,27101,40845,37199
1155,27100,40844,37198
1156,27099,40843,37196
1157,27098,40842,37195
1158,27097,40841,37194
1159,27096,40840,37193
1160,27095,40839,37192
1161,27094,40838,37191
1162,27093,40837,37190
1163,27092,40836,37189
1164,27091,40835,37188
1165,27090,40834,37187
1166,27089,40833,37186
1167,27088,40832,37185
1168,27087,40831,37184
1169,27086,40830,37183
1170,27085,40829,37182
1171,27084,40828,37181
1172,27083,40827,37180
1173,27082,40826,37179
1174,27081,40825,37178
1175,27080,40824,37177
1176,27079,40823,37176
1177,27078,40822,37175
1178,27077,40821,37174
1179,27076,40820,37173
1180,27075,40819,37172
1181,27074,40818,37171
1182,27073,40817,37170
1183,27072,40816,37169
1184,27071,40815,37168
1185,27070,40814,37167
1186,27069,40813,37166
1187,27068,40812,37165
1188,27067,40811,37159
1189,27066,40810,37158
1190,27065,40809,37157
1191,27064,40808,37156
1192,27063,40807,37155
1193,27062,40806,37154
1194,27061,40805,37153
1195,27060,40804,37152
1196,27059,40803,37151
1197,27058,40802,37150
1198,27057,40801,37143
1199,27056,40800,37142
1200,27055,40799,37141
1201,27054,40798,37140
1202,27053,40797,37139
1203,27052,40796,37138
1204,27051,40795,37137
1205,27050,40794,37136
1206,27049,40793,37135
1207,27048,40792,37134
1208,27047,40791,37133
1209,27046,40790,37132
1210,27045,40789,37131
1211,27044,40788,37130
1212,27043,40787,37129
1213,27042,40786,37128
1214,27041,40785,37127
1215,27040,40784,37126
1216,27039,40783,37125
1217,27038,40782,37124
1218,27037,40781,37123
1219,27036,40780,37122
1220,27035,40779,37121
1221,27034,40778,37120
1222,27033,40777,37119
1223,27032,40776,37118
1224,27031,40775,37117
1225,27030,40774,37116
1226,27029,40773,37115
1227,27028,40772,37114
1228,27027,40771,37113
1229,27026,40770,37112
1230,27025,40769,37111
1231,27024,40768,37110
1232,27023,40767,37109
1233,27022,40766,37108
1234,27021,40765,37107
1235,27020,40764,37106
1236,27019,40763,37100
1237,27018,40762,37099
1238,27017,40761,37098
1239,27016,40760,37097
1240,27015,40759,37096
1241,27014,40758,37095
1242,27013,40757,37094
1243,27012,40756,37093
1244,27011,40755,37092
1245,27010,40754,37091
1246,27009,40753,37090
1247,27008,40752,37089
1248,27007,40751,37088
1249,27006,40750,37087
1250,27005,40749,37080
1251,27004,40748,37079
1252,27003,40747,37078
1253,27002,40746,37077
1254,27001,40745,37076
1255,27000,40744,37075
1256,26999,40743,37074
1257,26998,40742,37073
1258,26997,40741,37072
1259,26996,40740,37071
1260,26995,40739,37070
1261,26994,40738,37069
1262,26993,40737,37068
1263,26992,40736,37067
1264,26991,40735,37066
1265,26990,40734,37065
1266,26989,40733,37064
1267,26988,40732,37063
1268,26987,40731,37062
1269,26986,40730,37061
1270,26985,40729,37060
1271,26984,40728,37059
1272,26983,40727,37058
1273,26982,40726,37057
1274,26981,40725,37056
1275,26980,40724,37055
1276,26979,40723,37054
1277,26978,40722,37053
1278,26977,40721,37052
1279,26976,40720,37051
1280,26975,40719,37050
1281,26974,40718,37049
1282,26973,40717,37048
1283,26972,40716,37047
1284,26971,40715,37046
1285,26970,40714,37040
1286,26969,40713,37039
1287,26968,40712,37038
1288,26967,40711,37037
1289,26966,40710,37036
1290,26965,40709,37035
1291,26964,40708,37034
1292,26963,40707,37033
1293,26962,40706,37032
1294,26961,40705,37031
1295,26960,40704,37030
1296,26959,40703,37029
1297,26958,40702,37028
1298,26957,40701,37021
1299,26956,40700,37020
1300,26955,40699,37019
1301,26954,40698,37018
1302,26953,40697,37017
1303,26952,40696,37016
1304,26951,40695,37015
1305,26950,40694,37014
1306,26949,40693,37013
1307,26948,40692,37012
1308,26947,40691,37011
1309,26946,40690,37010
1310,26945,40689,37009
1311,26944,40688,37008
1312,26943,40687,37007
1313,26942,40686,37006
1314,26941,40685,37005
1315,26940,40684,37004
1316,26939,40683,37003
1317,26938,40682,37002
1318,26937,40681,37001
1319,26936,40680,37000
1320,26935,40679,36999
1321,26934,40678,36998
1322,26933,40677,36997
1323,26932,40676,36996
1324,26931,40675,36995
1325,26930,40674,36994
1326,26929,40673,36993
1327,26928,40672,36992
1328,26927,40671,36991
1329,26926,40670,36990
1330,26925,40669,36989
1331,26924,40668,36988
1332,26923,40667,36987
1333,26922,40666,36986
1334,26921,40665,36985
1335,26920,40664,36979
1336,26919,40663,36978
1337,26918,40662,36977
1338,26917,40661,36976
1339,26916,40660,36975
1340,26915,40659,36974
1341,26914,40658,36973
1342,26913,40657,36972
1343,26912,40656,36971
1344,26911,40655,36970
1345,26910,40654,36969
1346,26909,40653,36968
1347,26908,40652,36967
1348,26907,40651,36960
1349,26906,40650,36954
1350,26905,40649,36953
1351,26904,40648,36947
1352,26903,40647,36940
1353,26902,40646,36939
1354,26901,40645,36938
1355,26900,40644,36937
1356,26899,40643,36936
1357,26898,40642,36935
1358,26897,40641,36934
1359,26896,40640,36933
1360,26895,40639,36932
1361,26894,40638,36931
1362,26893,40637,36930
1363,26892,40636,36929
1364,26891,40635,36928
1365,26890,40634,36927
1366,26889,40633,36926
1367,26888,40632,36925
1368,26887,40631,36924
1369,26886,40630,36923
1370,26885,40629,36922
1371,26884,40628,36921
1372,26883,40627,36920
1373,26882,40626,36919
1374,26881,40625,36918
1375,26880,40624,36917
1376,26879,40623,36916
1377,26878,40622,36915
1378,26877,40621,36914
1379,26876,40620,36913
1380,26875,40619,36912
1381,26874,40618,36906
1382,26873,40617,36905
1383,26872,40616,36898
1384,26871,40615,36892
1385,26870,40614,36891
1386,26869,40613,36890
1387,26868,40612,36889
1388,26867,40611,36888
1389,26866,40610,36887
1390,26865,40609,36886
1391,26864,40608,36885
1392,26863,40607,36884
1393,26862,40606,36883
1394,26861,40605,36882
1395,26860,40604,36881
1396,26859,40603,36880
1397,26858,40602,36879
1398,26857,40601,36873
1399,26856,40600,36872
1400,26855,40599,36871
1401,26854,40598,36870
1402,26853,40597,36869
1403,26852,40596,36868
1404,26851,40595,36867
1405,26850,40594,36866
1406,26849,40593,36865
1407,26848,40592,36864
1408,26847,40591,36863
1409,26846,40590,36862
1410,26845,40589,36861
1411,26844,40588,36860
1412,26843,40587,36859
1413,26842,40586,36858
1414,26841,40585,36857
1415,26840,40584,36856
1416,26839,40583,36855
1417,26838,40582,36848
1418,26837,40581,36847
1419,26836,40580,36846
1420,26835,40579,36845
1421,26834,40578,36844
1422,26833,40577,36843
1423,26832,40576,36842
1424,26831,40575,36841
1425,26830,40574,36840
1426,26829,40573,36839
1427,26828,40572,36838
1428,26827,40571,36837
1429,26826,40570,36836
1430,26825,40569,36835
1431,26824,40568,36834
1432,26823,40567,36833
1433,26822,40566,36832
1434,26821,40565,36831
1435,26820,40564,36830
1436,26819,40563,36829
1437,26818,40562,36828
1438,26817,40561,36827
1439,26816,40560,36826
1440,26815,40559,36825
1441,26814,40558,36824
1442,26813,40557,36823
1443,26812,40556,36822
1444,26811,40555,36821
1445,26810,40554,36820
1446,26809,40553,36819
1447,26808,40552,36818
1448,26807,40551,36817
1449,26806,40550,36816
1450,26805,40549,36815
1451,26804,40548,36814
1452,26803,40547,36813
1453,26802,40546,36807
1454,26801,40545,36806
1455,26800,40544,36805
1456,26799,40543,36804
1457,26798,40542,36803
1458,26797,40541,36802
1459,26796,40540,36801
1460,26795,40539,36794
1461,26794,40538,36793
1462,26793,40537,36792
1463,26792,40536,36791
1464,26791,40535,36790
1465,26790,40534,36789
1466,26789,40533,36788
1467,26788,40532,36787
1468,26787,40531,36786
1469,26786,40530,36785
1470,26785,40529,36784
1471,26784,40528,36783
1472,26783,40527,36782
1473,26782,40526,36781
1474,26781,40525,36780
1475,26780,40524,36779
1476,26779,40523,36778
1477,26778,40522,36777
1478,26777,40521,36776
1479,26776,40520,36775
1480,26775,40519,36774
1481,26774,40518,36773
1482,26773,40517,36772
1483,26772,40516,36771
1484,26771,40515,36770
1485,26770,40514,36769
1486,26769,40513,36768
1487,26768,40512,36767
1488,26767,40511,36766
1489,26766,40510,36765
1490,26765,40509,36764
1491,26764,40508,36763
1492,26763,40507,36762
1493,26762,40506,36761
1494,26761,40505,36760
1495,26760,40504,36759
1496,26759,40503,36758
1497,26758,40502,36757
1498,26757,40501,36756
1499,26756,40500,36755
1500,26755,40499,36754
1501,26754,40498,36753
1502,26753,40497,36747
1503,26752,40496,36746
1504,26751,40495,36745
1505,26750,40494,36744
1506,26749,40493,36743
1507,26748,40492,36742
1508,26747,40491,36741
1509,26746,40490,36740
1510,26745,40489,36739
1511,26744,40488,36737
1512,26743,40487,36731
1513,26742,40486,36730
1514,26741,40485,36729
1515,26740,40484,36728
1516,26739,40483,36727
1517,26738,40482,36726
1518,26737,40481,36725
1519,26736,40480,36724
1520,26735,40479,36723
1521,26734,40478,36722
1522,26733,40477,36721
1523,26732,40476,36720
1524,26731,40475,36719
1525,26730,40474,36718
1526,26729,40473,36717
1527,26728,40472,36716
1528,26727,40471,36715
1529,26726,40470,36714
1530,26725,40469,36713
1531,26724,40468,36712
1532,26723,40467,36711
1533,26722,40466,36710
1534,26721,40465,36709
1535,26720,40464,36708
1536,26719,40463,36707
1537,26718,40462,36706
1538,26717,40461,36705
1539,26716,40460,36704
1540,26715,40459,36703
1541,26714,40458,36702
1542,26713,40457,36701
1543,26712,40456,36700
1544,26711,40455,36699
1545,26710,40454,36698
1546,26709,40453,36697
1547,26708,40452,36696
1548,26707,40451,36695
1549,26706,40450,36689
1550,26705,40449,36688
1551,26704,40448,36687
1552,26703,40447,36686
1553,26702,40446,36685
1554,26701,40445,36684
1555,26700,40444,36683
1556,26699,40443,36682
1557,26698,40442,36681
1558,26697,40441,36680
1559,26696,40440,36679
1560,26695,40439,36678
1561,26694,40438,36676
1562,26693,40437,36675
1563,26692,40436,36674
1564,26691,40435,36668
1565,26690,40434,36667
1566,26689,40433,36666
1567,26688,40432,36665
1568,26687,40431,36664
1569,26686,40430,36663
1570,26685,40429,36662
1571,26684,40428,36661
1572,26683,40427,36660
1573,26682,40426,36659
1574,26681,40425,36658
1575,26680,40424,36657
1576,26679,40423,36656
1577,26678,40422,36655
1578,26677,40421,36654
1579,26676,40420,36653
1580,26675,40419,36652
1581,26674,40418,36651
1582,26673,40417,36650
1583,26672,40416,36649
1584,26671,40415,36648
1585,26670,40414,36647
1586,26669,40413,36646
1587,26668,40412,36645
1588,26667,40411,36644
1589,26666,40410,36643
1590,26665,40409,36642
1591,26664,40408,36641
1592,26663,40407,36640
1593,26662,40406,36639
1594,26661,40405,36638
1595,26660,40404,36637
1596,26659,40403,36636
1597,26658,40402,36635
1598,26657,40401,36634
1599,26656,40400,36628
1600,26655,40399,36627
1601,26654,40398,36625
1602,26653,40397,36624
1603,26652,40396,36623
1604,26651,40395,36622
1605,26650,40394,36621
1606,26649,40393,36620
1607,26648,40392,36619
1608,26647,40391,36618
1609,26646,40390,36617
1610,26645,40389,36616
1611,26644,40388,36615
1612,26643,40387,36614
1613,26642,40386,36598
1614,26641,40385,36597
1615,26640,40384,36596
1616,26639,40383,36594
1617,26638,40382,36593
1618,26637,40381,36587
1619,26636,40380,36586
1620,26635,40379,36585
1621,26634,40378,36584
1622,26633,40377,36583
1623,26632,40376,36582
1624,26631,40375,36581
1625,26630,40374,36580
1626,26629,40373,36579
1627,26628,40372,36578
1628,26627,40371,36577
1629,26626,40370,36576
1630,26625,40369,36575
1631,26624,40368,36574
1632,26623,40367,36573
1633,26622,40366,36572
1634,26621,40365,36571
1635,26620,40364,36570
1636,26619,40363,36569
1637,26618,40362,36568
1638,26617,40361,36567
1639,26616,40360,36566
1640,26615,40359,36565
1641,26614,40358,36564
1642,26613,40357,36563
1643,26612,40356,36562
1644,26611,40355,36561
1645,26610,40354,36555
1646,26609,40353,36548
1647,26608,40352,36547
1648,26607,40351,36546
1649,26606,40350,36545
1650,26605,40349,36539
1651,26604,40348,36538
1652,26603,40347,36537
1653,26602,40346,36536
1654,26601,40345,36535
1655,26600,40344,36534
1656,26599,40343,36533
1657,26598,40342,36532
1658,26597,40341,36531
1659,26596,40340,36530
1660,26595,40339,36524
1661,26594,40338,36523
1662,26593,40337,36522
1663,26592,40336,36521
1664,26591,40335,36520
1665,26590,40334,36519
1666,26589,40333,36518
1667,26588,40332,36517
1668,26587,40331,36516
1669,26586,40330,36515
1670,26585,40329,36514
1671,26584,40328,36513
1672,26583,40327,36512
1673,26582,40326,36511
1674,26581,40325,36510
1675,26580,40324,36509
1676,26579,40323,36507
1677,26578,40322,36506
1678,26577,40321,36505
1679,26576,40320,36504
1680,26575,40319,36503
1681,26574,40318,36497
1682,26573,40317,36496
1683,26572,40316,36495
1684,26571,40315,36494
1685,26570,40314,36493
1686,26569,40313,36492
1687,26568,40312,36491
1688,26567,40311,36490
1689,26566,40310,36489
1690,26565,40309,36488
1691,26564,40308,36487
1692,26563,40307,36486
1693,26562,40306,36485
1694,26561,40305,36484
1695,26560,40304,36483
1696,26559,40303,36482
1697,26558,40302,36481
1698,26557,40301,36480
1699,26556,40300,36479
1700,26555,40299,36478
1701,26554,40298,36477
1702,26553,40297,36476
1703,26552,40296,36475
1704,26551,40295,36474
1705,26550,40294,36473
1706,26549,40293,36472
1707,26548,40292,36471
1708,26547,40291,36470
1709,26546,40290,36469
1710,26545,40289,36468
1711,26544,40288,36467
1712,26543,40287,36466
1713,26542,40286,36465
1714,26541,40285,36464
1715,26540,40284,36463
1716,26539,40283,36462
1717,26538,40282,36461
1718,26537,40281,36454
1719,26536,40280,36453
1720,26535,40279,36452
1721,26534,40278,36451
1722,26533,40277,36445
1723,26532,40276,36444
1724,26531,40275,36443
1725,26530,40274,36442
1726,26529,40273,36441
1727,26528,40272,36440
1728,26527,40271,36439
1729,26526,40270,36438
1730,26525,40269,36437
1731,26524,40268,36436
1732,26523,40267,36435
1733,26522,40266,36434
1734,26521,40265,36433
1735,26520,40264,36432
1736,26519,40263,36431
1737,26518,40262,36430
1738,26517,40261,36429
1739,26516,40260,36428
1740,26515,40259,36427
1741,26514,40258,36426
1742,26513,40257,36425
1743,26512,40256,36424
1744,26511,40255,36423
1745,26510,40254,36422
1746,26509,40253,36421
1747,26508,40252,36420
1748,26507,40251,36419
1749,26506,40250,36418
1750,26505,40249,36417
1751,26504,40248,36416
1752,26503,40247,36415
1753,26502,40246,36414
1754,26501,40245,36413
1755,26500,40244,36412
1756,26499,40243,36411
1757,26498,40242,36410
1758,26497,40241,36409
1759,26496,40240,36408
1760,26495,40239,36407
1761,26494,40238,36406
1762,26493,40237,36405
1763,26492,40236,36404
1764,26491,40235,36403
1765,26490,40234,36402
1766,26489,40233,36401
1767,26488,40232,36400
1768,26487,40231,36393
1769,26486,40230,36392
1770,26485,40229,36391
1771,26484,40228,36390
1772,26483,40227,36389
1773,26482,40226,36388
1774,26481,40225,36387
1775,26480,40224,36386
1776,26479,40223,36380
1777,26478,40222,36379
1778,26477,40221,36378
1779,26476,40220,36377
1780,26475,40219,36376
1781,26474,40218,36375
1782,26473,40217,36374
1783,26472,40216,36373
1784,26471,40215,36372
1785,26470,40214,36371
1786,26469,40213,36370
1787,26468,40212,36369
1788,26467,40211,36368
1789,26466,40210,36367
1790,26465,40209,36366
1791,26464,40208,36365
1792,26463,40207,36364
1793,26462,40206,36363
1794,26461,40205,36362
1795,26460,40204,36361
1796,26459,40203,36360
1797,26458,40202,36359
1798,26457,40201,36358
1799,26456,40200,36357
1800,26455,40199,36356
1801,26454,40198,36355
1802,26453,40197,36354
1803,26452,40196,36353
1804,26451,40195,36352
1805,26450,40194,36351
1806,26449,40193,36350
1807,26448,40192,36349
1808,26447,40191,36348
1809,26446,40190,36347
1810,26445,40189,36346
1811,26444,40188,36345
1812,26443,40187,36344
1813,26442,40186,36337
1814,26441,40185,36336
1815,26440,40184,36335
1816,26439,40183,36334
1817,26438,40182,36333
1818,26437,40181,36332
1819,26436,40180,36331
1820,26435,40179,36330
1821,26434,40178,36329
1822,26433,40177,36328
1823,26432,40176,36327
1824,26431,40175,36326
1825,26430,40174,36325
1826,26429,40173,36319
1827,26428,40172,36318
1828,26427,40171,36317
1829,26426,40170,36316
1830,26425,40169,36315
1831,26424,40168,36314
1832,26423,40167,36313
1833,26422,40166,36312
1834,26421,40165,36311
1835,26420,40164,36310
1836,26419,40163,36309
1837,26418,40162,36308
1838,26417,40161,36307
1839,26416,40160,36306
1840,26415,40159,36305
1841,26414,40158,36304
1842,26413,40157,36303
1843,26412,40156,36302
1844,26411,40155,36301
1845,26410,40154,36300
1846,26409,40153,36299
1847,26408,40152,36298
1848,26407,40151,36297
1849,26406,40150,36296
1850,26405,40149,36295
1851,26404,40148,36294
1852,26403,40147,36293
1853,26402,40146,36292
1854,26401,40145,36291
1855,26400,40144,36290
1856,26399,40143,36289
1857,26398,40142,36288
1858,26397,40141,36287
1859,26396,40140,36286
1860,26395,40139,36285
1861,26394,40138,36284
1862,26393,40137,36283
1863,26392,40136,36276
1864,26391,40135,36275
1865,26390,40134,36274
1866,26389,40133,36273
1867,26388,40132,36272
1868,26387,40131,36271
1869,26386,40130,36270
1870,26385,40129,36269
1871,26384,40128,36268
1872,26383,40127,36267
1873,26382,40126,36266
1874,26381,40125,36265
1875,26380,40124,36264
1876,26379,40123,36253
1877,26378,40122,36252
1878,26377,40121,36245
1879,26376,40120,36244
1880,26375,40119,36243
1881,26374,40118,36242
1882,26373,40117,36236
1883,26372,40116,36235
1884,26371,40115,36234
1885,26370,40114,36233
1886,26369,40113,36232
1887,26368,40112,36231
1888,26367,40111,36230
1889,26366,40110,36229
1890,26365,40109,36228
1891,26364,40108,36227
1892,26363,40107,36226
1893,26362,40106,36225
1894,26361,40105,36224
1895,26360,40104,36223
1896,26359,40103,36222
1897,26358,40102,36221
1898,26357,40101,36220
1899,26356,40100,36219
1900,26355,40099,36218
1901,26354,40098,36217
1902,26353,40097,36216
1903,26352,40096,36215
1904,26351,40095,36214
1905,26350,40094,36213
1906,26349,40093,36212
1907,26348,40092,36211
1908,26347,40091,36210
1909,26346,40090,36209
1910,26345,40089,36203
1911,26344,40088,36196
1912,26343,40087,36195
1913,26342,40086,36194
1914,26341,40085,36193
1915,26340,40084,36192
1916,26339,40083,36191
1917,26338,40082,36190
1918,26337,40081,36184
1919,26336,40080,36183
1920,26335,40079,36182
1921,26334,40078,36181
1922,26333,40077,36180
1923,26332,40076,36179
1924,26331,40075,36172
1925,26330,40074,36171
1926,26329,40073,36170
1927,26328,40072,36169
1928,26327,40071,36168
1929,26326,40070,36167
1930,26325,40069,36166
1931,26324,40068,36165
1932,26323,40067,36164
1933,26322,40066,36163
1934,26321,40065,36162
1935,26320,40064,36161
1936,26319,40063,36160
1937,26318,40062,36159
1938,26317,40061,36158
1939,26316,40060,36157
1940,26315,40059,36156
1941,26314,40058,36155
1942,26313,40057,36154
1943,26312,40056,36153
1944,26311,40055,36152
1945,26310,40054,36151
1946,26309,40053,36150
1947,26308,40052,36144
1948,26307,40051,36143
1949,26306,40050,36142
1950,26305,40049,36141
1951,26304,40048,36140
1952,26303,40047,36139
1953,26302,40046,36138
1954,26301,40045,36137
1955,26300,40044,36136
1956,26299,40043,36135
1957,26298,40042,36134
1958,26297,40041,36133
1959,26296,40040,36132
1960,26295,40039,36131
1961,26294,40038,36130
1962,26293,40037,36129
1963,26292,40036,36128
1964,26291,40035,36127
1965,26290,40034,36126
1966,26289,40033,36125
1967,26288,40032,36124
1968,26287,40031,36123
1969,26286,40030,36122
1970,26285,40029,36121
1971,26284,40028,36120
1972,26283,40027,36119
1973,26282,40026,36118
1974,26281,40025,36117
1975,26280,40024,36116
1976,26279,40023,36115
1977,26278,40022,36114
1978,26277,40021,36113
1979,26276,40020,36112
1980,26275,40019,36111
1981,26274,40018,36110
1982,26273,40017,36109
1983,26272,40016,36108
1984,26271,40015,36101
1985,26270,40014,36100
1986,26269,40013,36094
1987,26268,40012,36093
1988,26267,40011,36092
1989,26266,40010,36091
1990,26265,40009,36090
1991,26264,40008,36089
1992,26263,40007,36088
1993,26262,40006,36087
1994,26261,40005,36086
1995,26260,40004,36085
1996,26259,40003,36084
1997,26258,40002,36083
1998,26257,40001,36082
1999,26256,40000,36081
2000,26255,39999,36080
2001,26254,39998,36079
2002,26253,39997,36078
2003,26252,39996,36077
2004,26251,39995,36076
2005,26250,39994,36075
2006,26249,39993,36074
2007,26248,39992,36073
2008,26247,39991,36072
2009,26246,39990,36071
2010,26245,39989,36070
2011,26244,39988,36069
2012,26243,39987,36068
2013,26242,39986,36067
2014,26241,39985,36066
2015,26240,39984,36065
2016,26239,39983,36064
2017,26238,39982,36063
2018,26237,39981,36062
2019,26236,39980,36061
2020,26235,39979,36060
2021,26234,39978,36059
2022,26233,39977,36058
2023,26232,39976,36057
2024,26231,39975,36056
2025,26230,39974,36055
2026,26229,39973,36053
2027,26228,39972,36052
2028,26227,39971,36051
2029,26226,39970,36050
2030,26225,39969,36049
2031,26224,39968,36043
2032,26223,39967,36042
2033,26222,39966,36041
2034,26221,39965,36040
2035,26220,39964,36039
2036,26219,39963,36038
2037,26218,39962,36037
2038,26217,39961,36036
2039,26216,39960,36035
2040,26215,39959,36034
2041,26214,39958,36028
2042,26213,39957,36027
2043,26212,39956,36026
2044,26211,39955,36025
2045,26210,39954,36024
2046,26209,39953,36023
2047,26208,39952,36022
2048,26207,39951,36021
2049,26206,39950,36020
2050,26205,39949,36019
2051,26204,39948,36018
2052,26203,39947,36017
2053,26202,39946,36016
2054,26201,39945,36015
2055,26200,39944,36014
2056,26199,39943,36013
2057,26198,39942,36012
2058,26197,39941,36011
2059,26196,39940,36010
2060,26195,39939,36009
2061,26194,39938,36008
2062,26193,39937,36007
2063,26192,39936,36006
2064,26191,39935,36005
2065,26190,39934,36004
2066,26189,39933,36003
2067,26188,39932,36002
2068,26187,39931,36001
2069,26186,39930,36000
2070,26185,39929,35999
2071,26184,39928,35997
2072,26183,39927,35996
2073,26182,39926,35995
2074,26181,39925,35994
2075,26180,39924,35993
2076,26179,39923,35987
2077,26178,39922,35986
2078,26177,39921,35985
2079,26176,39920,35984
2080,26175,39919,35983
2081,26174,39918,35982
2082,26173,39917,35981
2083,26172,39916,35980
2084,26171,39915,35979
2085,26170,39914,35978
2086,26169,39913,35977
2087,26168,39912,35976
2088,26167,39911,35970
2089,26166,39910,35969
2090,26165,39909,35968
2091,26164,39908,35967
2092,26163,39907,35966
2093,26162,39906,35965
2094,26161,39905,35964
2095,26160,39904,35963
2096,26159,39903,35962
2097,26158,39902,35961
2098,26157,39901,35960
2099,26156,39900,35959
2100,26155,39899,35958
2101,26154,39898,35957
2102,26153,39897,35956
2103,26152,39896,35955
2104,26151,39895,35954
2105,26150,39894,35953
2106,26149,39893,35952
2107,26148,39892,35951
2108,26147,39891,35950
2109,26146,39890,35949
2110,26145,39889,35948
2111,26144,39888,35947
2112,26143,39887,35946
2113,26142,39886,35945
2114,26141,39885,35944
2115,26140,39884,35943
2116,26139,39883,35942
2117,26138,39882,35941
2118,26137,39881,35940
2119,26136,39880,35939
2120,26135,39879,35938
2121,26134,39878,35936
2122,26133,39877,35935
2123,26132,39876,35934
2124,26131,39875,35933
2125,26130,39874,35932
2126,26129,39873,35931
2127,26128,39872,35930
2128,26127,39871,35929
2129,26126,39870,35928
2130,26125,39869,35922
2131,26124,39868,35921
2132,26123,39867,35920
2133,26122,39866,35919
2134,26121,39865,35918
2135,26120,39864,35917
2136,26119,39863,35916
2137,26118,39862,35915
2138,26117,39861,35914
2139,26116,39860,35908
2140,26115,39859,35907
2141,26114,39858,35906
2142,26113,39857,35905
2143,26112,39856,35893
2144,26111,39855,35887
2145,26110,39854,35886
2146,26109,39853,35885
2147,26108,39852,35884
2148,26107,39851,35883
2149,26106,39850,35882
2150,26105,39849,35881
2151,26104,39848,35880
2152,26103,39847,35879
2153,26102,39846,35878
2154,26101,39845,35877
2155,26100,39844,35876
2156,26099,39843,35875
2157,26098,39842,35874
2158,26097,39841,35873
2159,26096,39840,35872
2160,26095,39839,35871
2161,26094,39838,35870
2162,26093,39837,35869
2163,26092,39836,35868
2164,26091,39835,35867
2165,26090,39834,35866
2166,26089,39833,35865
2167,26088,39832,35864
2168,26087,39831,35863
2169,26086,39830,35862
2170,26085,39829,35861
2171,26084,39828,35859
2172,26083,39827,35853
2173,26082,39826,35852
2174,26081,39825,35846
2175,26080,39824,35845
2176,26079,39823,35844
2177,26078,39822,35843
2178,26077,39821,35842
2179,26076,39820,35841
2180,26075,39819,35840
2181,26074,39818,35839
2182,26073,39817,35838
2183,26072,39816,35832
2184,26071,39815,35831
2185,26070,39814,35830
2186,26069,39813,35829
2187,26068,39812,35828
2188,26067,39811,35827
2189,26066,39810,35820
2190,26065,39809,35819
2191,26064,39808,35818
2192,26063,39807,35817
2193,26062,39806,35816
2194,26061,39805,35815
2195,26060,39804,35814
2196,26059,39803,35813
2197,26058,39802,35812
2198,26057,39801,35811
2199,26056,39800,35810
2200,26055,39799,35809
2201,26054,39798,35808
2202,26053,39797,35807
2203,26052,39796,35806
2204,26051,39795,35805
2205,26050,39794,35804
2206,26049,39793,35803
2207,26048,39792,35802
2208,26047,39791,35801
2209,26046,39790,35800
2210,26045,39789,35799
2211,26044,39788,35798
2212,26043,39787,35792
2213,26042,39786,35791
2214,26041,39785,35790
2215,26040,39784,35789
2216,26039,39783,35788
2217,26038,39782,35787
2218,26037,39781,35786
2219,26036,39780,35785
2220,26035,39779,35784
2221,26034,39778,35783
2222,26033,39777,35782
2223,26032,39776,35781
2224,26031,39775,35780
2225,26030,39774,35779
2226,26029,39773,35778
2227,26028,39772,35777
2228,26027,39771,35776
2229,26026,39770,35775
2230,26025,39769,35774
2231,26024,39768,35772
2232,26023,39767,35771
2233,26022,39766,35770
2234,26021,39765,35769
2235,26020,39764,35768
2236,26019,39763,35767
2237,26018,39762,35766
2238,26017,39761,35765
2239,26016,39760,35764
2240,26015,39759,35763
2241,26014,39758,35762
2242,26013,39757,35761
2243,26012,39756,35760
2244,26011,39755,35759
2245,26010,39754,35758
2246,26009,39753,35757
2247,26008,39752,35756
2248,26007,39751,35755
2249,26006,39750,35749
2250,26005,39749,35748
2251,26004,39748,35742
2252,26003,39747,35741
2253,26002,39746,35740
2254,26001,39745,35739
2255,26000,39744,35738
2256,25999,39743,35737
2257,25998,39742,35736
2258,25997,39741,35735
2259,25996,39740,35734
2260,25995,39739,35733
2261,25994,39738,35732
2262,25993,39737,35731
2263,25992,39736,35730
2264,25991,39735,35729
2265,25990,39734,35728
2266,25989,39733,35727
2267,25988,39732,35726
2268,25987,39731,35725
2269,25986,39730,35724
2270,25985,39729,35723
2271,25984,39728,35721
2272,25983,39727,35720
2273,25982,39726,35719
2274,25981,39725,35718
2275,25980,39724,35717
2276,25979,39723,35716
2277,25978,39722,35715
2278,25977,39721,35714
2279,25976,39720,35713
2280,25975,39719,35712
2281,25974,39718,35711
2282,25973,39717,35710
2283,25972,39716,35709
2284,25971,39715,35708
2285,25970,39714,35707
2286,25969,39713,35706
2287,25968,39712,35705
2288,25967,39711,35704
2289,25966,39710,35703
2290,25965,39709,35702
2291,25964,39708,35701
2292,25963,39707,35700
2293,25962,39706,35699
2294,25961,39705,35698
2295,25960,39704,35692
2296,25959,39703,35691
2297,25958,39702,35690
2298,25957,39701,35689
2299,25956,39700,35688
2300,25955,39699,35687
2301,25954,39698,35686
2302,25953,39697,35685
2303,25952,39696,35684
2304,25951,39695,35683
2305,25950,39694,35682
2306,25949,39693,35676
2307,25948,39692,35675
2308,25947,39691,35674
2309,25946,39690,35673
2310,25945,39689,35672
2311,25944,39688,35671
2312,25943,39687,35670
2313,25942,39686,35669
2314,25941,39685,35668
2315,25940,39684,35667
2316,25939,39683,35665
2317,25938,39682,35664
2318,25937,39681,35663
2319,25936,39680,35662
2320,25935,39679,35661
2321,25934,39678,35660
2322,25933,39677,35659
2323,25932,39676,35658
2324,25931,39675,35657
2325,25930,39674,35656
2326,25929,39673,35655
2327,25928,39672,35654
2328,25927,39671,35653
2329,25926,39670,35652
2330,25925,39669,35651
2331,25924,39668,35650
2332,25923,39667,35649
2333,25922,39666,35648
2334,25921,39665,35647
2335,25920,39664,35646
2336,25919,39663,35645
2337,25918,39662,35644
2338,25917,39661,35643
2339,25916,39660,35642
2340,25915,39659,35636
2341,25914,39658,35635
2342,25913,39657,35634
2343,25912,39656,35633
2344,25911,39655,35632
2345,25910,39654,35631
2346,25909,39653,35630
2347,25908,39652,35629
2348,25907,39651,35628
2349,25906,39650,35627
2350,25905,39649,35626
2351,25904,39648,35625
2352,25903,39647,35624
2353,25902,39646,35618
2354,25901,39645,35617
2355,25900,39644,35616
2356,25899,39643,35614
2357,25898,39642,35613
2358,25897,39641,35612
2359,25896,39640,35611
2360,25895,39639,35610
2361,25894,39638,35609
2362,25893,39637,35608
2363,25892,39636,35607
2364,25891,39635,35606
2365,25890,39634,35605
2366,25889,39633,35604
2367,25888,39632,35603
2368,25887,39631,35602
2369,25886,39630,35601
2370,25885,39629,35600
2371,25884,39628,35599
2372,25883,39627,35598
2373,25882,39626,35597
2374,25881,39625,35596
2375,25880,39624,35595
2376,25879,39623,35594
2377,25878,39622,35593
2378,25877,39621,35592
2379,25876,39620,35591
2380,25875,39619,35590
2381,25874,39618,35589
2382,25873,39617,35588
2383,25872,39616,35587
2384,25871,39615,35586
2385,25870,39614,35585
2386,25869,39613,35584
2387,25868,39612,35583
2388,25867,39611,35582
2389,25866,39610,35581
2390,25865,39609,35580
2391,25864,39608,35579
2392,25863,39607,35578
2393,25862,39606,35572
2394,25861,39605,35571
2395,25860,39604,35570
2396,25859,39603,35569
2397,25858,39602,35568
2398,25857,39601,35567
2399,25856,39600,35566
2400,25855,39599,35565
2401,25854,39598,35559
2402,25853,39597,35558
2403,25852,39596,35557
2404,25851,39595,35556
2405,25850,39594,35555
2406,25849,39593,35553
2407,25848,39592,35547
2408,25847,39591,35536
2409,25846,39590,35535
2410,25845,39589,35534
2411,25844,39588,35533
2412,25843,39587,35532
2413,25842,39586,35531
2414,25841,39585,35530
2415,25840,39584,35529
2416,25839,39583,35528
2417,25838,39582,35527
2418,25837,39581,35526
2419,25836,39580,35525
2420,25835,39579,35524
2421,25834,39578,35522
2422,25833,39577,35521
2423,25832,39576,35520
2424,25831,39575,35519
2425,25830,39574,35518
2426,25829,39573,35517
2427,25828,39572,35516
2428,25827,39571,35515
2429,25826,39570,35514
2430,25825,39569,35513
2431,25824,39568,35512
2432,25823,39567,35511
2433,25822,39566,35510
2434,25821,39565,35504
2435,25820,39564,35503
2436,25819,39563,35502
2437,25818,39562,35496
2438,25817,39561,35495
2439,25816,39560,35494
2440,25815,39559,35493
2441,25814,39558,35492
2442,25813,39557,35491
2443,25812,39556,35490
2444,25811,39555,35489
2445,25810,39554,35488
2446,25809,39553,35487
2447,25808,39552,35486
2448,25807,39551,35479
2449,25806,39550,35478
2450,25805,39549,35477
2451,25804,39548,35471
2452,25803,39547,35470
2453,25802,39546,35469
2454,25801,39545,35468
2455,25800,39544,35467
2456,25799,39543,35466
2457,25798,39542,35465
2458,25797,39541,35464
2459,25796,39540,35463
2460,25795,39539,35462
2461,25794,39538,35461
2462,25793,39537,35460
2463,25792,39536,35459
2464,25791,39535,35458
2465,25790,39534,35457
2466,25789,39533,35456
2467,25788,39532,35455
2468,25787,39531,35454
2469,25786,39530,35453
2470,25785,39529,35452
2471,25784,39528,35451
2472,25783,39527,35450
2473,25782,39526,35449
2474,25781,39525,35448
2475,25780,39524,35447
2476,25779,39523,35441
2477,25778,39522,35440
2478,25777,39521,35439
2479,25776,39520,35438
2480,25775,39519,35437
2481,25774,39518,35436
2482,25773,39517,35435
2483,25772,39516,35434
2484,25771,39515,35433
2485,25770,39514,35432
2486,25769,39513,35431
2487,25768,39512,35430
2488,25767,39511,35429
2489,25766,39510,35428
2490,25765,39509,35427
2491,25764,39508,35425
2492,25763,39507,35424
2493,25762,39506,35423
2494,25761,39505,35422
2495,25760,39504,35421
2496,25759,39503,35420
2497,25758,39502,35419
2498,25757,39501,35418
2499,25756,39500,35417
2500,25755,39499,35416
2501,25754,39498,35415
2502,25753,39497,35414
2503,25752,39496,35413
2504,25751,39495,35412
2505,25750,39494,35411
2506,25749,39493,35410
2507,25748,39492,35409
2508,25747,39491,35408
2509,25746,39490,35407
2510,25745,39489,35406
2511,25744,39488,35405
2512,25743,39487,35404
2513,25742,39486,35398
2514,25741,39485,35392
2515,25740,39484,35391
2516,25739,39483,35390
2517,25738,39482,35389
2518,25737,39481,35388
2519,25736,39480,35387
2520,25735,39479,35386
2521,25734,39478,35385
2522,25733,39477,35384
2523,25732,39476,35383
2524,25731,39475,35382
2525,25730,39474,35381
2526,25729,39473,35380
2527,25728,39472,35379
2528,25727,39471,35378
2529,25726,39470,35377
2530,25725,39469,35376
2531,25724,39468,35375
2532,25723,39467,35374
2533,25722,39466,35373
2534,25721,39465,35372
2535,25720,39464,35371
2536,25719,39463,35369
2537,25718,39462,35368
2538,25717,39461,35367
2539,25716,39460,35366
2540,25715,39459,35365
2541,25714,39458,35364
2542,25713,39457,35363
2543,25712,39456,35362
2544,25711,39455,35361
2545,25710,39454,35360
2546,25709,39453,35359
2547,25708,39452,35358
2548,25707,39451,35357
2549,25706,39450,35356
2550,25705,39449,35355
2551,25704,39448,35354
2552,25703,39447,35353
2553,25702,39446,35352
2554,25701,39445,35351
2555,25700,39444,35350
2556,25699,39443,35349
2557,25698,39442,35348
2558,25697,39441,35347
2559,25696,39440,35346
2560,25695,39439,35340
2561,25694,39438,35339
2562,25693,39437,35338
2563,25692,39436,35337
2564,25691,39435,35336
2565,25690,39434,35335
2566,25689,39433,35334
2567,25688,39432,35333
2568,25687,39431,35332
2569,25686,39430,35326
2570,25685,39429,35325
2571,25684,39428,35324
2572,25683,39427,35323
2573,25682,39426,35322
2574,25681,39425,35321
2575,25680,39424,35320
2576,25679,39423,35319
2577,25678,39422,35318
2578,25677,39421,35317
2579,25676,39420,35316
2580,25675,39419,35315
2581,25674,39418,35313
2582,25673,39417,35312
2583,25672,39416,35311
2584,25671,39415,35310
2585,25670,39414,35309
2586,25669,39413,35308
2587,25668,39412,35307
2588,25667,39411,35306
2589,25666,39410,35305
2590,25665,39409,35304
2591,25664,39408,35303
2592,25663,39407,35302
2593,25662,39406,35301
2594,25661,39405,35300
2595,25660,39404,35299
2596,25659,39403,35298
2597,25658,39402,35297
2598,25657,39401,35296
2599,25656,39400,35295
2600,25655,39399,35294
2601,25654,39398,35293
2602,25653,39397,35292
2603,25652,39396,35291
2604,25651,39395,35285
2605,25650,39394,35284
2606,25649,39393,35283
2607,25648,39392,35282
2608,25647,39391,35281
2609,25646,39390,35280
2610,25645,39389,35279
2611,25644,39388,35278
2612,25643,39387,35277
2613,25642,39386,35276
2614,25641,39385,35275
2615,25640,39384,35274
2616,25639,39383,35268
2617,25638,39382,35267
2618,25637,39381,35266
2619,25636,39380,35265
2620,25635,39379,35264
2621,25634,39378,35263
2622,25633,39377,35262
2623,25632,39376,35261
2624,25631,39375,35260
2625,25630,39374,35259
2626,25629,39373,35257
2627,25628,39372,35256
2628,25627,39371,35255
2629,25626,39370,35254
2630,25625,39369,35253
2631,25624,39368,35252
2632,25623,39367,35251
2633,25622,39366,35250
2634,25621,39365,35249
2635,25620,39364,35248
2636,25619,39363,35247
2637,25618,39362,35246
2638,25617,39361,35245
2639,25616,39360,35244
2640,25615,39359,35243
2641,25614,39358,35242
2642,25613,39357,35241
2643,25612,39356,35240
2644,25611,39355,35239
2645,25610,39354,35238
2646,25609,39353,35237
2647,25608,39352,35236
2648,25607,39351,35235
2649,25606,39350,35234
2650,25605,39349,35233
2651,25604,39348,35232
2652,25603,39347,35231
2653,25602,39346,35230
2654,25601,39345,35229
2655,25600,39344,35228
2656,25599,39343,35222
2657,25598,39342,35221
2658,25597,39341,35220
2659,25596,39340,35219
2660,25595,39339,35218
2661,25594,39338,35217
2662,25593,39337,35216
2663,25592,39336,35215
2664,25591,39335,35214
2665,25590,39334,35208
2666,25589,39333,35207
2667,25588,39332,35206
2668,25587,39331,35205
2669,25586,39330,35204
2670,25585,39329,35197
2671,25584,39328,35191
2672,25583,39327,35190
2673,25582,39326,35189
2674,25581,39325,35188
2675,25580,39324,35182
2676,25579,39323,35181
2677,25578,39322,35180
2678,25577,39321,35179
2679,25576,39320,35178
2680,25575,39319,35177
2681,25574,39318,35176
2682,25573,39317,35175
2683,25572,39316,35174
2684,25571,39315,35173
2685,25570,39314,35172
2686,25569,39313,35170
2687,25568,39312,35169
2688,25567,39311,35168
2689,25566,39310,35167
2690,25565,39309,35166
2691,25564,39308,35165
2692,25563,39307,35164
2693,25562,39306,35163
2694,25561,39305,35162
2695,25560,39304,35161
2696,25559,39303,35160
2697,25558,39302,35154
2698,25557,39301,35153
2699,25556,39300,35152
2700,25555,39299,35151
2701,25554,39298,35150
2702,25553,39297,35144
2703,25552,39296,35143
2704,25551,39295,35142
2705,25550,39294,35141
2706,25549,39293,35140
2707,25548,39292,35139
2708,25547,39291,35138
2709,25546,39290,35137
2710,25545,39289,35130
2711,25544,39288,35129
2712,25543,39287,35128
2713,25542,39286,35127
2714,25541,39285,35121
2715,25540,39284,35120
2716,25539,39283,35119
2717,25538,39282,35118
2718,25537,39281,35117
2719,25536,39280,35116
2720,25535,39279,35115
2721,25534,39278,35114
2722,25533,39277,35113
2723,25532,39276,35112
2724,25531,39275,35111
2725,25530,39274,35110
2726,25529,39273,35109
2727,25528,39272,35108
2728,25527,39271,35107
2729,25526,39270,35106
2730,25525,39269,35105
2731,25524,39268,35104
2732,25523,39267,35103
2733,25522,39266,35102
2734,25521,39265,35101
2735,25520,39264,35100
2736,25519,39263,35099
2737,25518,39262,35098
2738,25517,39261,35097
2739,25516,39260,35096
2740,25515,39259,35095
2741,25514,39258,35094
2742,25513,39257,35093
2743,25512,39256,35092
2744,25511,39255,35091
2745,25510,39254,35084
2746,25509,39253,35083
2747,25508,39252,35082
2748,25507,39251,35081
2749,25506,39250,35080
2750,25505,39249,35079
2751,25504,39248,35078
2752,25503,39247,35077
2753,25502,39246,35076
2754,25501,39245,35075
2755,25500,39244,35074
2756,25499,39243,35073
2757,25498,39242,35072
2758,25497,39241,35071
2759,25496,39240,35070
2760,25495,39239,35069
2761,25494,39238,35068
2762,25493,39237,35067
2763,25492,39236,35066
2764,25491,39235,35065
2765,25490,39234,35064
2766,25489,39233,35063
2767,25488,39232,35062
2768,25487,39231,35061
2769,25486,39230,35060
2770,25485,39229,35059
2771,25484,39228,35058
2772,25483,39227,35057
2773,25482,39226,35056
2774,25481,39225,35055
2775,25480,39224,35049
2776,25479,39223,35043
2777,25478,39222,35042
2778,25477,39221,35041
2779,25476,39220,35040
2780,25475,39219,35039
2781,25474,39218,35038
2782,25473,39217,35037
2783,25472,39216,35036
2784,25471,39215,35035
2785,25470,39214,35034
2786,25469,39213,35033
2787,25468,39212,35032
2788,25467,39211,35031
2789,25466,39210,35030
2790,25465,39209,35029
2791,25464,39208,35027
2792,25463,39207,35026
2793,25462,39206,35025
2794,25461,39205,35024
2795,25460,39204,35023
2796,25459,39203,35022
2797,25458,39202,35021
2798,25457,39201,35020
2799,25456,39200,35019
2800,25455,39199,35018
2801,25454,39198,35017
2802,25453,39197,35016
2803,25452,39196,35015
2804,25451,39195,35014
2805,25450,39194,35013
2806,25449,39193,35012
2807,25448,39192,35011
2808,25447,39191,35010
2809,25446,39190,35009
2810,25445,39189,35008
2811,25444,39188,35007
2812,25443,39187,35006
2813,25442,39186,35005
2814,25441,39185,35004
2815,25440,39184,35003
2816,25439,39183,35002
2817,25438,39182,35001
2818,25437,39181,35000
2819,25436,39180,34999
2820,25435,39179,34998
2821,25434,39178,34997
2822,25433,39177,34996
2823,25432,39176,34995
2824,25431,39175,34994
2825,25430,39174,34988
2826,25429,39173,34987
2827,25428,39172,34986
2828,25427,39171,34985
2829,25426,39170,34984
2830,25425,39169,34983
2831,25424,39168,34982
2832,25423,39167,34981
2833,25422,39166,34975
2834,25421,39165,34974
2835,25420,39164,34973
2836,25419,39163,34972
2837,25418,39162,34971
2838,25417,39161,34970
2839,25416,39160,34969
2840,25415,39159,34967
2841,25414,39158,34966
2842,25413,39157,34965
2843,25412,39156,34964
2844,25411,39155,34963
2845,25410,39154,34962
2846,25409,39153,34961
2847,25408,39152,34960
2848,25407,39151,34959
2849,25406,39150,34958
2850,25405,39149,34957
2851,25404,39148,34956
2852,25403,39147,34955
2853,25402,39146,34954
2854,25401,39145,34953
2855,25400,39144,34952
2856,25399,39143,34951
2857,25398,39142,34950
2858,25397,39141,34949
2859,25396,39140,34948
2860,25395,39139,34947
2861,25394,39138,34946
2862,25393,39137,34945
2863,25392,39136,34944
2864,25391,39135,34943
2865,25390,39134,34942
2866,25389,39133,34941
2867,25388,39132,34940
2868,25387,39131,34939
2869,25386,39130,34938
2870,25385,39129,34932
2871,25384,39128,34931
2872,25383,39127,34930
2873,25382,39126,34929
2874,25381,39125,34928
2875,25380,39124,34927
2876,25379,39123,34926
2877,25378,39122,34925
2878,25377,39121,34924
2879,25376,39120,34923
2880,25375,39119,34917
2881,25374,39118,34916
2882,25373,39117,34915
2883,25372,39116,34914
2884,25371,39115,34913
2885,25370,39114,34912
2886,25369,39113,34911
2887,25368,39112,34910
2888,25367,39111,34909
2889,25366,39110,34908
2890,25365,39109,34907
2891,25364,39108,34906
2892,25363,39107,34905
2893,25362,39106,34904
2894,25361,39105,34903
2895,25360,39104,34902
2896,25359,39103,34901
2897,25358,39102,34900
2898,25357,39101,34899
2899,25356,39100,34898
2900,25355,39099,34897
2901,25354,39098,34896
2902,25353,39097,34895
2903,25352,39096,34894
2904,25351,39095,34893
2905,25350,39094,34892
2906,25349,39093,34891
2907,25348,39092,34890
2908,25347,39091,34889
2909,25346,39090,34888
2910,25345,39089,34887
2911,25344,39088,34886
2912,25343,39087,34885
2913,25342,39086,34884
2914,25341,39085,34883
2915,25340,39084,34882
2916,25339,39083,34881
2917,25338,39082,34880
2918,25337,39081,34879
2919,25336,39080,34878
2920,25335,39079,34871
2921,25334,39078,34870
2922,25333,39077,34869
2923,25332,39076,34868
2924,25331,39075,34867
2925,25330,39074,34866
2926,25329,39073,34865
2927,25328,39072,34864
2928,25327,39071,34863
2929,25326,39070,34862
2930,25325,39069,34856
2931,25324,39068,34855
2932,25323,39067,34854
2933,25322,39066,34848
2934,25321,39065,34841
2935,25320,39064,34840
2936,25319,39063,34839
2937,25318,39062,34838
2938,25317,39061,34837
2939,25316,39060,34831
2940,25315,39059,34830
2941,25314,39058,34829
2942,25313,39057,34828
2943,25312,39056,34827
2944,25311,39055,34826
2945,25310,39054,34825
2946,25309,39053,34824
2947,25308,39052,34823
2948,25307,39051,34822
2949,25306,39050,34821
2950,25305,39049,34820
2951,25304,39048,34819
2952,25303,39047,34818
2953,25302,39046,34817
2954,25301,39045,34816
2955,25300,39044,34815
2956,25299,39043,34814
2957,25298,39042,34813
2958,25297,39041,34812
2959,25296,39040,34806
2960,25295,39039,34805
2961,25294,39038,34804
2962,25293,39037,34803
2963,25292,39036,34802
2964,25291,39035,34801
2965,25290,39034,34794
2966,25289,39033,34793
2967,25288,39032,34792
2968,25287,39031,34791
2969,25286,39030,34790
2970,25285,39029,34789
2971,25284,39028,34788
2972,25283,39027,34782
2973,25282,39026,34781
2974,25281,39025,34780
2975,25280,39024,34779
2976,25279,39023,34778
2977,25278,39022,34777
2978,25277,39021,34776
2979,25276,39020,34770
2980,25275,39019,34769
2981,25274,39018,34768
2982,25273,39017,34767
2983,25272,39016,34766
2984,25271,39015,34765
2985,25270,39014,34764
2986,25269,39013,34763
2987,25268,39012,34762
2988,25267,39011,34761
2989,25266,39010,34760
2990,25265,39009,34759
2991,25264,39008,34758
2992,25263,39007,34757
2993,25262,39006,34756
2994,25261,39005,34755
2995,25260,39004,34754
2996,25259,39003,34753
2997,25258,39002,34752
2998,25257,39001,34751
2999,25256,39000,34750
3000,25255,38999,34749
3001,25254,38998,34748
3002,25253,38997,34747
3003,25252,38996,34746
3004,25251,38995,34745
3005,25250,38994,34744
3006,25249,38993,34743
3007,25248,38992,34742
3008,25247,38991,34741
3009,25246,38990,34740
3010,25245,38888,34733
3011,25244,38887,34732
3012,25243,38886,34731
3013,25242,38885,34730
3014,25241,38884,34729
3015,25240,38883,34728
3016,25239,38882,34727
3017,25238,38881,34726
3018,25237,38880,34725
3019,25236,38879,34724
3020,25235,38878,34723
3021,25234,38877,34722
3022,25233,38876,34721
3023,25232,38875,34720
3024,25231,38874,34719
3025,25230,38873,34718
3026,25229,38872,34717
3027,25228,38871,34716
3028,25227,38870,34715
3029,25226,38869,34714
3030,25225,38868,34713
3031,25224,38867,34712
3032,25223,38866,34711
3033,25222,38865,34710
3034,25221,38864,34709
3035,25220,38863,34708
3036,25219,38862,34707
3037,25218,38861,34706
3038,25217,38860,34700
3039,25216,38859,34699
3040,25215,38858,34698
3041,25214,38857,34697
3042,25213,38856,34696
3043,25212,38855,34695
3044,25211,38854,34694
3045,25210,38853,34693
3046,25209,38852,34692
3047,25208,38851,34691
3048,25207,38850,34690
3049,25206,38849,34689
3050,25205,38848,34688
3051,25204,38847,34687
3052,25203,38846,34686
3053,25202,38845,34685
3054,25201,38844,34684
3055,25200,38843,34683
3056,25199,38842,34682
3057,25198,38841,34681
3058,25197,38840,34680
3059,25196,38839,34679
3060,25195,38838,34678
3061,25194,38837,34677
3062,25193,38836,34676
3063,25192,38835,34675
3064,25191,38834,34674
3065,25190,38833,34673
3066,25189,38832,34672
3067,25188,38831,34671
3068,25187,38830,34670
3069,25186,38829,34669
3070,25185,38828,34668
3071,25184,38827,34667
3072,25183,38826,34666
3073,25182,38825,34665
3074,25181,38824,34664
3075,25180,38823,34663
3076,25179,38822,34662
3077,25178,38821,34661
3078,25177,38820,34660
3079,25176,38819,34659
3080,25175,38818,34658
3081,25174,38817,34657
3082,25173,38816,34656
3083,25172,38815,34655
3084,25171,38814,34654
3085,25170,38813,34653
3086,25169,38812,34652
3087,25168,38811,34651
3088,25167,38810,34650
3089,25166,38809,34649
3090,25165,38808,34648
3091,25164,38807,34647
3092,25163,38806,34646
3093,25162,38805,34645
3094,25161,38804,34644
3095,25160,38803,34643
3096,25159,38802,34642
3097,25158,38801,34641
3098,25157,38800,34640
3099,25156,38799,34639
3100,25155,38798,34638
3101,25154,38797,34637
3102,25153,38796,34636
3103,25152,38795,34635
3104,25151,38794,34634
3105,25150,38793,34633
3106,25149,38792,34632
3107,25148,38791,34631
3108,25147,38790,34630
3109,25146,38789,34629
3110,25145,38788,34628
3111,25144,38787,34627
3112,25143,38786,34626
3113,25142,38785,34625
3114,25141,38784,34624
3115,25140,38783,34623
3116,25139,38782,34622
3117,25138,38781,34621
3118,25137,38780,34620
3119,25136,38779,34619
3120,25135,38778,34618
3121,25134,38777,34617
3122,25133,38776,34616
3123,25132,38775,34615
3124,25131,38774,34614
3125,25130,38773,34613
3126,25129,38772,34612
3127,25128,38771,34611
3128,25127,38770,34610
3129,25126,38769,34609
3130,25125,38768,34608
3131,25124,38767,34607
3132,25123,38766,34606
3133,25122,38765,34605
3134,25121,38764,34604
3135,25120,38763,34603
3136,25119,38762,34602
3137,25118,38761,34601
3138,25117,38760,34600
3139,25116,38759,34599
3140,25115,38758,34598
3141,25114,38757,34597
3142,25113,38756,34596
3143,25112,38755,34595
3144,25111,38754,34594
3145,25110,38753,34593
3146,25109,38752,34592
3147,25108,38751,34591
3148,25107,38750,34590
3149,25106,38749,34589
3150,25105,38748,34588
3151,25104,38747,34587
3152,25103,38746,34586
3153,25102,38745,34585
3154,25101,38744,34584
3155,25100,38743,34583
3156,25099,38742,34582
3157,25098,38741,34581
3158,25097,38740,34580
3159,25096,38739,34579
3160,25095,38738,34578
3161,25094,38737,34577
3162,25093,38736,34576
3163,25092,38735,34575
3164,25091,38734,34574
3165,25090,38733,34573
3166,25089,38732,34572
3167,25088,38731,34571
3168,25087,38730,34570
3169,25086,38729,34569
3170,25085,38728,34568
3171,25084,38727,34567
3172,25083,38726,34566
3173,25082,38725,34565
3174,25081,38724,34564
3175,25080,38723,34563
3176,25079,38722,34562
3177,25078,38721,34561
3178,25077,38720,34560
3179,25076,38719,34559
3180,25075,38718,34558
3181,25074,38717,34557
3182,25073,38716,34556
3183,25072,38715,34555
3184,25071,38714,34554
3185,25070,38713,34553
3186,25069,38712,34552
3187,25068,38711,34551
3188,25067,38710,34550
3189,25066,38709,34549
3190,25065,38708,34548
3191,25064,38707,34547
3192,25063,38706,34546
3193,25062,38705,34545
3194,25061,38704,34544
3195,25060,38703,34537
3196,25059,38702,34536
3197,25058,38701,34530
3198,25057,38700,34529
3199,25056,38699,34528
3200,25055,38698,34527
3201,25054,38697,34526
3202,25053,38696,34525
3203,25052,38695,34524
3204,25051,38694,34518
3205,25050,38693,34517
3206,25049,38692,34516
3207,25048,38691,34515
3208,25047,38690,34514
3209,25046,38689,34513
3210,25045,38688,34512
3211,25044,38687,34511
3212,25043,38686,34510
3213,25042,38685,34509
3214,25041,38684,34508
3215,25040,38683,34507
3216,25039,38682,34506
3217,25038,38681,34505
3218,25037,38680,34504
3219,25036,38679,34503
3220,25035,38678,34502
3221,25034,38677,34501
3222,25033,38676,34500
3223,25032,38675,34499
3224,25031,38674,34498
3225,25030,38673,34497
3226,25029,38672,34496
3227,25028,38671,34495
3228,25027,38670,34489
3229,25026,38669,34488
3230,25025,38668,34487
3231,25024,38667,34486
3232,25023,38666,34485
3233,25022,38665,34484
3234,25021,38664,34483
