Time(s),ChunksFromAp,ChunksFromDevices,GoodActive,BadActive,Active
0,0,0,0,0,0
1,0,0,1,0,1
2,0,0,1,0,1
3,0,0,1,0,1
4,0,0,1,0,1
5,0,0,1,0,1
6,1,0,3,0,3
7,1,0,3,0,3
8,1,0,3,0,3
9,1,0,3,0,3
10,1,0,3,0,3
11,2,0,5,0,5
12,2,0,5,0,5
13,2,0,5,0,5
14,2,0,5,0,5
15,2,0,5,0,5
16,3,0,7,0,7
17,3,0,7,0,7
18,3,0,7,0,7
19,3,0,7,0,7
20,3,0,7,0,7
21,4,0,9,0,9
22,4,0,9,0,9
23,4,0,9,0,9
24,4,1,11,0,11
25,4,1,11,0,11
26,5,1,13,0,13
27,5,1,13,0,13
28,5,2,15,0,15
29,5,2,15,0,15
30,5,2,15,0,15
31,6,2,17,0,17
32,6,2,17,0,17
33,6,2,17,0,17
34,6,2,17,0,17
35,6,2,17,0,17
36,7,3,21,0,21
37,7,3,21,0,21
38,7,3,21,0,21
39,7,4,23,0,23
40,7,4,23,0,23
41,8,5,27,0,27
42,8,5,27,0,27
43,8,6,29,0,29
44,8,7,31,0,31
45,8,8,33,0,33
46,9,8,33,0,33
47,9,8,33,0,33
48,9,9,33,0,33
49,9,9,33,0,33
50,9,9,33,0,33
51,10,10,33,0,33
52,10,10,33,0,33
53,10,11,33,0,33
54,10,12,33,0,33
55,10,12,33,0,33
56,11,13,33,0,33
57,11,14,33,0,33
58,11,14,33,0,33
59,11,15,33,0,33
60,11,17,31,0,31
61,12,18,33,0,33
62,12,19,33,0,33
63,12,20,33,0,33
64,12,21,33,0,33
65,12,22,33,0,33
66,13,22,33,0,33
67,13,24,33,0,33
68,13,24,33,0,33
69,13,24,33,0,33
70,13,26,33,0,33
71,14,27,33,0,33
72,14,27,33,0,33
73,14,28,33,0,33
74,14,29,33,0,33
75,14,29,33,0,33
76,15,31,33,0,33
77,15,34,33,0,33
78,15,34,33,0,33
79,15,35,33,0,33
80,15,40,33,0,33
81,16,41,33,0,33
82,16,45,33,0,33
83,16,48,33,0,33
84,16,48,33,0,33
85,16,50,33,0,33
86,17,53,33,0,33
87,17,53,33,0,33
88,17,53,33,0,33
89,17,53,33,0,33
90,17,56,33,0,33
91,18,56,33,0,33
92,18,56,33,0,33
93,18,56,33,0,33
94,18,56,33,0,33
95,18,56,33,0,33
96,19,57,33,0,33
97,19,58,33,0,33
98,19,58,33,0,33
99,19,62,33,0,33
100,19,65,33,0,33
101,20,70,33,0,33
102,20,72,33,0,33
103,20,72,33,0,33
104,20,75,33,0,33
105,20,75,33,0,33
106,21,77,33,0,33
107,21,77,33,0,33
108,21,77,33,0,33
109,21,77,33,0,33
110,21,77,33,0,33
111,22,77,33,0,33
112,22,77,33,0,33
113,22,77,33,0,33
114,22,77,33,0,33
115,22,77,33,0,33
116,23,82,33,0,33
117,23,84,33,0,33
118,23,84,33,0,33
119,23,84,33,0,33
120,23,84,33,0,33
121,24,84,33,0,33
122,24,84,33,0,33
123,24,88,33,0,33
124,24,88,33,0,33
125,24,88,33,0,33
126,25,93,33,0,33
127,25,93,33,0,33
128,25,93,33,0,33
129,25,94,33,0,33
130,25,98,33,0,33
131,26,108,33,0,33
132,26,112,33,0,33
133,26,112,33,0,33
134,26,115,33,0,33
135,26,115,33,0,33
136,27,115,33,0,33
137,27,115,33,0,33
138,27,115,33,0,33
139,27,118,33,0,33
140,27,119,33,0,33
141,28,122,33,0,33
142,28,128,33,0,33
143,28,131,33,0,33
144,28,131,33,0,33
145,28,131,33,0,33
146,29,136,33,0,33
147,29,136,33,0,33
148,29,136,33,0,33
149,29,139,33,0,33
150,29,139,33,0,33
151,30,139,33,0,33
152,30,140,33,0,33
153,30,141,33,0,33
154,30,141,33,0,33
155,30,141,33,0,33
156,31,145,33,0,33
157,31,152,33,0,33
158,31,152,33,0,33
159,31,154,33,0,33
160,31,154,33,0,33
161,32,158,33,0,33
162,32,160,33,0,33
163,32,160,33,0,33
164,32,161,33,0,33
165,32,161,33,0,33
166,33,161,33,0,33
167,33,162,33,0,33
168,33,163,33,0,33
169,33,163,33,0,33
170,33,165,33,0,33
171,34,167,33,0,33
172,34,170,33,0,33
173,34,171,33,0,33
174,34,172,33,0,33
175,34,173,33,0,33
176,35,173,33,0,33
177,35,177,33,0,33
178,35,177,33,0,33
179,35,177,33,0,33
180,35,183,33,0,33
181,36,183,33,0,33
182,36,193,33,0,33
183,36,200,33,0,33
184,36,205,33,0,33
185,36,208,33,0,33
186,37,208,33,0,33
187,37,208,33,0,33
188,37,208,33,0,33
189,37,209,33,0,33
190,37,209,33,0,33
191,38,210,32,1,33
192,38,211,32,1,33
193,38,212,31,2,33
194,38,212,31,2,33
195,38,215,31,2,33
196,38,215,31,2,33
197,38,215,31,2,33
198,38,215,31,2,33
199,38,228,29,4,33
200,38,230,29,4,33
201,38,233,28,5,33
202,38,233,28,5,33
203,38,236,28,5,33
204,38,236,28,5,33
205,38,236,28,5,33
206,38,237,28,5,33
207,38,237,28,5,33
208,38,237,28,5,33
209,38,237,28,5,33
210,38,237,28,5,33
211,38,239,27,6,33
212,38,239,27,6,33
213,38,240,27,6,33
214,38,243,25,8,33
215,38,245,24,9,33
216,38,245,24,9,33
217,38,245,24,9,33
218,38,245,24,9,33
219,38,245,24,9,33
220,38,245,24,9,33
221,38,245,24,9,33
222,38,245,24,9,33
223,38,245,24,9,33
224,38,245,24,9,33
225,38,245,24,9,33
226,38,252,22,11,33
227,38,252,22,11,33
228,38,252,22,11,33
229,38,252,22,11,33
230,38,252,22,11,33
231,38,252,22,11,33
232,38,254,21,12,33
233,38,257,21,12,33
234,38,257,20,13,33
235,38,257,20,13,33
236,38,261,19,14,33
237,38,261,19,14,33
238,38,270,18,15,33
239,38,270,18,15,33
240,38,270,18,15,33
241,48,270,19,14,33
242,48,270,19,14,33
243,48,270,19,14,33
244,48,270,19,14,33
245,48,270,19,14,33
246,49,270,19,14,33
247,49,270,19,14,33
248,49,270,19,14,33
249,49,270,19,14,33
250,49,270,19,14,33
251,50,270,19,14,33
252,50,270,19,14,33
253,50,270,19,14,33
254,50,270,19,14,33
255,50,270,19,14,33
256,51,270,19,14,33
257,51,270,19,14,33
258,51,270,19,14,33
259,51,270,19,14,33
260,51,275,19,14,33
261,52,275,19,14,33
262,52,275,19,14,33
263,52,285,19,14,33
264,52,285,19,14,33
265,52,285,19,14,33
266,53,285,19,14,33
267,53,285,19,14,33
268,53,285,19,14,33
269,53,290,19,14,33
270,53,290,19,14,33
271,54,290,19,14,33
272,54,290,19,14,33
273,54,290,19,14,33
274,54,295,19,14,33
275,54,295,19,14,33
276,55,295,19,14,33
277,55,300,19,14,33
278,55,300,19,14,33
279,55,300,19,14,33
280,55,300,19,14,33
281,56,310,19,14,33
282,56,310,19,14,33
283,56,310,19,14,33
284,56,310,19,14,33
285,56,310,19,14,33
286,57,310,19,14,33
287,57,310,19,14,33
288,57,310,19,14,33
289,57,315,19,14,33
290,57,315,19,14,33
291,58,315,19,14,33
292,58,320,19,14,33
293,58,320,19,14,33
294,58,320,19,14,33
295,58,320,19,14,33
296,59,320,19,14,33
297,59,328,18,15,33
298,59,333,18,15,33
299,59,333,18,15,33
300,59,333,18,15,33
301,60,338,18,15,33
302,60,343,18,15,33
303,60,343,18,15,33
304,60,343,18,15,33
305,60,343,18,15,33
306,61,343,18,15,33
307,61,343,18,15,33
308,61,343,18,15,33
309,61,343,18,15,33
310,61,343,18,15,33
311,62,343,18,15,33
312,62,343,18,15,33
313,62,343,18,15,33
314,62,343,18,15,33
315,62,343,18,15,33
316,63,343,17,16,33
317,63,343,17,16,33
318,63,343,17,16,33
319,63,343,17,16,33
320,63,343,17,16,33
321,63,343,17,16,33
322,63,343,17,16,33
323,63,343,17,16,33
324,63,343,17,16,33
325,63,348,17,16,33
326,63,348,17,16,33
327,63,348,17,16,33
328,63,358,17,16,33
329,63,358,17,16,33
330,63,358,17,16,33
331,63,358,17,16,33
332,63,358,17,16,33
333,63,363,17,16,33
334,63,363,17,16,33
335,63,363,17,16,33
336,63,363,17,16,33
337,63,363,17,16,33
338,63,363,17,16,33
339,63,363,17,16,33
340,63,368,17,16,33
341,63,368,17,16,33
342,63,373,17,16,33
343,63,373,17,16,33
344,63,373,17,16,33
345,63,373,17,16,33
346,63,376,16,17,33
347,63,381,16,17,33
348,63,386,16,17,33
349,63,386,16,17,33
350,63,386,16,17,33
351,63,386,16,17,33
352,63,386,16,17,33
353,63,391,16,17,33
354,63,391,16,17,33
355,63,391,16,17,33
356,63,391,16,17,33
357,63,396,16,17,33
358,63,396,16,17,33
359,63,396,16,17,33
360,63,406,16,17,33
361,63,406,16,17,33
362,63,406,16,17,33
363,63,411,16,17,33
364,63,411,16,17,33
365,63,411,16,17,33
366,73,416,16,17,33
367,73,416,16,17,33
368,73,421,16,17,33
369,73,421,16,17,33
370,73,421,16,17,33
371,73,421,16,17,33
372,73,421,16,17,33
373,73,421,16,17,33
374,73,421,16,17,33
375,73,421,16,17,33
376,73,421,16,17,33
377,73,421,16,17,33
378,73,421,16,17,33
379,73,421,16,17,33
380,73,421,16,17,33
381,73,421,16,17,33
382,73,421,16,17,33
383,73,421,16,17,33
384,73,421,16,17,33
385,73,421,16,17,33
386,73,421,16,17,33
387,73,421,16,17,33
388,73,421,16,17,33
389,73,421,16,17,33
390,73,421,16,17,33
391,73,421,16,17,33
392,73,426,16,17,33
393,73,426,16,17,33
394,73,426,16,17,33
395,73,436,16,17,33
396,73,436,16,17,33
397,73,436,16,17,33
398,73,441,16,17,33
399,73,441,16,17,33
400,73,441,16,17,33
401,73,441,16,17,33
402,73,441,16,17,33
403,73,441,16,17,33
404,73,446,16,17,33
405,73,446,16,17,33
406,73,446,16,17,33
407,73,451,16,17,33
408,73,451,16,17,33
409,73,456,16,17,33
410,73,456,16,17,33
411,73,461,16,17,33
412,73,466,16,17,33
413,73,466,16,17,33
414,73,466,16,17,33
415,73,466,16,17,33
416,83,466,16,17,33
417,83,466,16,17,33
418,83,466,16,17,33
419,83,471,16,17,33
420,83,471,16,17,33
421,83,476,16,17,33
422,83,476,16,17,33
423,83,481,16,17,33
424,83,481,16,17,33
425,83,486,16,17,33
426,83,486,16,17,33
427,83,491,16,17,33
428,83,491,16,17,33
429,83,491,16,17,33
430,83,491,16,17,33
431,83,491,16,17,33
432,83,496,16,17,33
433,83,501,16,17,33
434,83,501,16,17,33
435,83,501,16,17,33
436,83,501,16,17,33
437,83,501,16,17,33
438,83,501,16,17,33
439,83,501,16,17,33
440,83,501,16,17,33
441,83,501,16,17,33
442,83,501,16,17,33
443,83,501,16,17,33
444,83,501,16,17,33
445,83,501,16,17,33
446,83,501,16,17,33
447,83,501,16,17,33
448,83,501,16,17,33
449,83,501,16,17,33
450,83,501,16,17,33
451,83,501,16,17,33
452,83,501,16,17,33
453,83,501,16,17,33
454,83,501,16,17,33
455,83,501,16,17,33
456,83,501,16,17,33
457,83,501,16,17,33
458,83,506,16,17,33
459,83,511,16,17,33
460,83,511,16,17,33
461,83,516,16,17,33
462,83,521,16,17,33
463,83,521,16,17,33
464,83,521,16,17,33
465,83,521,16,17,33
466,93,521,17,16,33
467,93,526,17,16,33
468,93,526,17,16,33
469,93,526,17,16,33
470,93,531,17,16,33
471,94,531,17,16,33
472,94,531,17,16,33
473,94,536,17,16,33
474,94,536,17,16,33
475,94,536,17,16,33
476,95,541,17,16,33
477,95,541,17,16,33
478,95,546,17,16,33
479,95,546,17,16,33
480,95,546,17,16,33
481,96,546,17,16,33
482,96,546,17,16,33
483,96,546,17,16,33
484,96,546,17,16,33
485,96,551,17,16,33
486,97,556,17,16,33
487,97,556,17,16,33
488,97,556,17,16,33
489,97,566,17,16,33
490,97,566,17,16,33
491,98,571,17,16,33
492,98,571,17,16,33
493,98,571,17,16,33
494,98,571,17,16,33
495,98,571,17,16,33
496,99,571,17,16,33
497,99,581,17,16,33
498,99,581,17,16,33
499,99,581,17,16,33
500,99,581,17,16,33
501,100,581,17,16,33
502,100,581,17,16,33
503,100,581,17,16,33
504,100,581,17,16,33
505,100,581,17,16,33
506,101,581,17,16,33
507,101,581,17,16,33
508,101,581,17,16,33
509,101,581,17,16,33
510,101,581,17,16,33
511,102,581,17,16,33
512,102,581,17,16,33
513,102,581,17,16,33
514,102,581,17,16,33
515,102,581,17,16,33
516,103,581,17,16,33
517,103,581,17,16,33
518,103,581,17,16,33
519,103,581,17,16,33
520,103,581,17,16,33
521,104,581,17,16,33
522,104,586,17,16,33
523,104,591,17,16,33
524,104,591,17,16,33
525,104,591,17,16,33
526,105,591,17,16,33
527,105,591,17,16,33
528,105,596,17,16,33
529,105,601,17,16,33
530,105,601,17,16,33
531,106,601,17,16,33
532,106,601,17,16,33
533,106,601,17,16,33
534,106,606,17,16,33
535,106,606,17,16,33
536,107,611,17,16,33
537,107,611,17,16,33
538,107,616,17,16,33
539,107,621,17,16,33
540,107,621,17,16,33
541,108,621,17,16,33
542,108,626,17,16,33
543,108,626,17,16,33
544,108,626,17,16,33
545,108,626,17,16,33
546,109,626,17,16,33
547,109,626,17,16,33
548,109,626,17,16,33
549,109,626,17,16,33
550,109,631,17,16,33
551,110,631,17,16,33
552,110,641,17,16,33
553,110,641,17,16,33
554,110,646,17,16,33
555,110,646,17,16,33
556,111,646,17,16,33
557,111,646,17,16,33
558,111,646,17,16,33
559,111,651,17,16,33
560,111,651,17,16,33
561,112,656,18,15,33
562,112,661,19,14,33
563,112,661,19,14,33
564,112,661,19,14,33
565,112,661,19,14,33
566,113,661,19,14,33
567,113,661,19,14,33
568,113,661,19,14,33
569,113,661,19,14,33
570,113,661,19,14,33
571,114,661,19,14,33
572,114,661,19,14,33
573,114,661,19,14,33
574,114,661,19,14,33
575,114,661,19,14,33
576,115,661,19,14,33
577,115,661,19,14,33
578,115,661,19,14,33
579,115,661,19,14,33
580,115,661,19,14,33
581,116,661,19,14,33
582,116,661,19,14,33
583,116,661,19,14,33
584,116,661,19,14,33
585,116,661,19,14,33
586,117,661,19,14,33
587,117,666,20,13,33
588,117,671,20,13,33
589,117,671,20,13,33
590,117,671,20,13,33
591,118,676,21,12,33
592,118,676,21,12,33
593,118,681,22,11,33
594,118,681,22,11,33
595,118,681,22,11,33
596,119,681,22,11,33
597,119,681,22,11,33
598,119,681,22,11,33
599,119,686,21,10,31
600,119,691,20,9,29
601,120,696,19,8,27
602,120,696,19,8,27
603,120,701,18,7,25
604,120,701,18,7,25
605,120,701,18,7,25
606,121,706,17,6,23
607,121,706,17,6,23
608,121,706,17,6,23
609,121,706,17,6,23
610,121,706,17,6,23
611,122,706,17,6,23
612,122,706,17,6,23
613,122,706,17,6,23
614,122,706,17,6,23
615,122,711,16,5,21
616,123,716,15,4,19
617,123,716,15,4,19
618,123,726,13,2,15
619,123,726,13,2,15
620,123,726,13,2,15
621,124,726,15,2,17
622,124,726,15,2,17
623,124,731,14,1,15
624,124,731,14,1,15
625,124,731,14,1,15
626,125,731,14,1,15
627,125,731,14,1,15
628,125,731,14,1,15
629,125,731,14,1,15
630,125,731,14,1,15
631,126,731,14,1,15
632,126,731,14,1,15
633,126,731,14,1,15
634,126,731,14,1,15
635,126,731,14,1,15
636,127,731,14,1,15
637,127,731,14,1,15
638,127,731,14,1,15
639,127,731,14,1,15
640,127,731,14,1,15
641,128,731,14,1,15
642,128,731,14,1,15
643,128,731,14,1,15
644,128,731,14,1,15
645,128,731,14,1,15
646,129,731,14,1,15
647,129,731,14,1,15
648,129,731,14,1,15
649,129,731,14,1,15
650,129,731,14,1,15
651,130,731,14,1,15
652,130,736,13,0,13
653,130,736,13,0,13
654,130,736,13,0,13
655,130,736,13,0,13
656,131,736,13,0,13
657,131,736,13,0,13
658,131,736,13,0,13
659,131,736,13,0,13
660,131,736,13,0,13
661,132,736,13,0,13
662,132,736,13,0,13
663,132,736,13,0,13
664,132,736,13,0,13
665,132,736,13,0,13
666,133,736,13,0,13
667,133,736,13,0,13
668,133,736,13,0,13
669,133,736,13,0,13
670,133,736,13,0,13
671,134,736,15,0,15
672,134,736,15,0,15
673,134,736,15,0,15
674,134,736,15,0,15
675,134,736,15,0,15
676,135,736,15,0,15
677,135,736,15,0,15
678,135,736,15,0,15
679,135,736,15,0,15
680,135,736,15,0,15
681,136,736,15,0,15
682,136,736,15,0,15
683,136,736,15,0,15
684,136,736,15,0,15
685,136,736,15,0,15
686,137,736,15,0,15
687,137,736,15,0,15
688,137,736,15,0,15
689,137,736,15,0,15
690,137,736,15,0,15
691,138,736,15,0,15
692,138,736,15,0,15
693,138,736,15,0,15
694,138,736,15,0,15
695,138,736,15,0,15
696,139,736,15,0,15
697,139,736,15,0,15
698,139,736,15,0,15
699,139,736,15,0,15
700,139,736,15,0,15
701,140,736,15,0,15
702,140,736,15,0,15
703,140,736,15,0,15
704,140,736,15,0,15
705,140,736,15,0,15
706,141,736,15,0,15
707,141,736,15,0,15
708,141,736,15,0,15
709,141,736,15,0,15
710,141,736,15,0,15
711,142,736,15,0,15
712,142,736,15,0,15
713,142,736,15,0,15
714,142,736,15,0,15
715,142,736,15,0,15
716,143,736,15,0,15
717,143,736,15,0,15
718,143,736,15,0,15
719,143,736,15,0,15
720,143,736,15,0,15
721,144,736,17,0,17
722,144,736,17,0,17
723,144,736,17,0,17
724,144,736,17,0,17
725,144,736,17,0,17
726,145,736,17,0,17
727,145,736,17,0,17
728,145,736,17,0,17
729,145,736,17,0,17
730,145,736,17,0,17
731,146,736,17,0,17
732,146,736,17,0,17
733,146,736,17,0,17
734,146,736,17,0,17
735,146,736,17,0,17
736,147,736,17,0,17
737,147,736,17,0,17
738,147,736,17,0,17
739,147,736,17,0,17
740,147,736,17,0,17
741,148,736,17,0,17
742,148,736,17,0,17
743,148,736,17,0,17
744,148,736,17,0,17
745,148,736,17,0,17
746,149,736,17,0,17
747,149,736,17,0,17
748,149,736,17,0,17
749,149,736,17,0,17
750,149,736,17,0,17
751,150,736,17,0,17
752,150,736,17,0,17
753,150,736,17,0,17
754,150,736,17,0,17
755,150,736,17,0,17
756,151,736,17,0,17
757,151,736,17,0,17
758,151,736,17,0,17
759,151,736,17,0,17
760,151,736,17,0,17
761,152,736,17,0,17
762,152,736,17,0,17
763,152,736,17,0,17
764,152,736,17,0,17
765,152,736,17,0,17
766,153,736,17,0,17
767,153,736,17,0,17
768,153,736,17,0,17
769,153,736,17,0,17
770,153,736,17,0,17
771,154,736,19,0,19
772,154,736,19,0,19
773,154,736,19,0,19
774,154,736,19,0,19
775,154,736,19,0,19
776,155,736,19,0,19
777,155,736,19,0,19
778,155,736,19,0,19
779,155,736,19,0,19
780,155,736,19,0,19
781,156,736,19,0,19
782,156,736,19,0,19
783,156,736,19,0,19
784,156,736,19,0,19
785,156,736,19,0,19
786,157,736,19,0,19
787,157,736,19,0,19
788,157,736,19,0,19
789,157,736,19,0,19
790,157,736,19,0,19
791,158,736,19,0,19
792,158,736,19,0,19
793,158,736,19,0,19
794,158,736,19,0,19
795,158,736,19,0,19
796,159,736,19,0,19
797,159,736,19,0,19
798,159,736,19,0,19
799,159,736,19,0,19
800,159,736,19,0,19
801,160,736,19,0,19
802,160,736,19,0,19
803,160,736,19,0,19
804,160,736,19,0,19
805,160,736,19,0,19
806,161,736,19,0,19
807,161,736,19,0,19
808,161,736,19,0,19
809,161,736,19,0,19
810,161,736,19,0,19
811,162,736,19,0,19
812,162,736,19,0,19
813,162,736,19,0,19
814,162,736,19,0,19
815,162,736,19,0,19
816,163,736,19,0,19
817,163,736,19,0,19
818,163,736,19,0,19
819,163,736,19,0,19
820,163,736,19,0,19
821,164,736,21,0,21
822,164,736,21,0,21
823,164,741,21,0,21
824,164,741,21,0,21
825,164,746,21,0,21
826,165,746,21,0,21
827,165,746,21,0,21
828,165,746,21,0,21
829,165,746,21,0,21
830,165,746,21,0,21
831,166,746,21,0,21
832,166,746,21,0,21
833,166,746,21,0,21
834,166,746,21,0,21
835,166,746,21,0,21
836,167,746,21,0,21
837,167,746,21,0,21
838,167,746,21,0,21
839,167,746,21,0,21
840,167,746,21,0,21
841,168,746,21,0,21
842,168,746,21,0,21
843,168,746,21,0,21
844,168,746,21,0,21
845,168,746,21,0,21
846,169,746,21,0,21
847,169,746,21,0,21
848,169,746,21,0,21
849,169,746,21,0,21
850,169,746,21,0,21
851,170,746,21,0,21
852,170,746,21,0,21
853,170,751,21,0,21
854,170,751,21,0,21
855,170,756,21,0,21
856,171,756,21,0,21
857,171,761,21,0,21
858,171,761,21,0,21
859,171,761,21,0,21
860,171,761,21,0,21
861,172,761,21,0,21
862,172,761,21,0,21
863,172,761,21,0,21
864,172,761,21,0,21
865,172,761,21,0,21
866,173,761,21,0,21
867,173,761,21,0,21
868,173,761,21,0,21
869,173,761,21,0,21
870,173,761,21,0,21
871,174,761,23,0,23
872,174,761,23,0,23
873,174,761,23,0,23
874,174,761,23,0,23
875,174,761,23,0,23
876,175,761,23,0,23
877,175,761,23,0,23
878,175,761,23,0,23
879,175,761,23,0,23
880,175,761,23,0,23
881,176,761,23,0,23
882,176,761,23,0,23
883,176,761,23,0,23
884,176,761,23,0,23
885,176,761,23,0,23
886,177,761,23,0,23
887,177,766,23,0,23
888,177,766,23,0,23
889,177,766,23,0,23
890,177,766,23,0,23
891,178,766,23,0,23
892,178,766,23,0,23
893,178,766,23,0,23
894,178,766,23,0,23
895,178,766,23,0,23
896,179,766,23,0,23
897,179,766,23,0,23
898,179,766,23,0,23
899,179,766,23,0,23
900,179,766,23,0,23
901,180,766,23,0,23
902,180,766,23,0,23
903,180,766,23,0,23
904,180,766,23,0,23
905,180,766,23,0,23
906,181,766,23,0,23
907,181,766,23,0,23
908,181,766,23,0,23
909,181,766,23,0,23
910,181,766,23,0,23
911,182,766,23,0,23
912,182,766,23,0,23
913,182,766,23,0,23
914,182,766,23,0,23
915,182,766,23,0,23
916,183,766,23,0,23
917,183,766,23,0,23
918,183,766,23,0,23
919,183,766,23,0,23
920,183,766,23,0,23
921,184,766,25,0,25
922,184,766,25,0,25
923,184,766,25,0,25
924,184,766,25,0,25
925,184,766,25,0,25
926,185,766,25,0,25
927,185,766,25,0,25
928,185,766,25,0,25
929,185,766,25,0,25
930,185,766,25,0,25
931,186,766,25,0,25
932,186,766,25,0,25
933,186,766,25,0,25
934,186,766,25,0,25
935,186,771,25,0,25
936,187,771,25,0,25
937,187,771,25,0,25
938,187,771,25,0,25
939,187,771,25,0,25
940,187,771,25,0,25
941,188,771,25,0,25
942,188,771,25,0,25
943,188,771,25,0,25
944,188,771,25,0,25
945,188,771,25,0,25
946,189,771,25,0,25
947,189,771,25,0,25
948,189,771,25,0,25
949,189,771,25,0,25
950,189,771,25,0,25
951,190,771,25,0,25
952,190,771,25,0,25
953,190,771,25,0,25
954,190,771,25,0,25
955,190,771,25,0,25
956,191,771,25,0,25
957,191,771,25,0,25
958,191,771,25,0,25
959,191,771,25,0,25
960,191,771,25,0,25
961,192,771,25,0,25
962,192,771,25,0,25
963,192,771,25,0,25
964,192,771,25,0,25
965,192,771,25,0,25
966,193,771,25,0,25
967,193,771,25,0,25
968,193,771,25,0,25
969,193,771,25,0,25
970,193,771,25,0,25
971,194,771,27,0,27
972,194,771,27,0,27
973,194,771,27,0,27
974,194,771,27,0,27
975,194,771,27,0,27
976,195,771,27,0,27
977,195,771,27,0,27
978,195,771,27,0,27
979,195,771,27,0,27
980,195,771,27,0,27
981,196,771,27,0,27
982,196,771,27,0,27
983,196,771,27,0,27
984,196,771,27,0,27
985,196,776,27,0,27
986,197,776,27,0,27
987,197,776,27,0,27
988,197,776,27,0,27
989,197,776,27,0,27
990,197,776,27,0,27
991,198,776,27,0,27
992,198,776,27,0,27
993,198,776,27,0,27
994,198,776,27,0,27
995,198,776,27,0,27
996,199,776,27,0,27
997,199,776,27,0,27
998,199,776,27,0,27
999,199,776,27,0,27
1000,199,776,27,0,27
1001,200,776,27,0,27
1002,200,776,27,0,27
1003,200,776,27,0,27
1004,200,776,27,0,27
1005,200,776,27,0,27
1006,201,776,27,0,27
1007,201,776,27,0,27
1008,201,776,27,0,27
1009,201,776,27,0,27
1010,201,776,27,0,27
1011,202,776,27,0,27
1012,202,776,27,0,27
1013,202,776,27,0,27
1014,202,776,27,0,27
1015,202,776,27,0,27
1016,203,776,27,0,27
1017,203,776,27,0,27
1018,203,776,27,0,27
1019,203,776,27,0,27
1020,203,776,27,0,27
1021,204,776,29,0,29
1022,204,776,29,0,29
1023,204,776,29,0,29
1024,204,776,29,0,29
1025,204,776,29,0,29
1026,205,776,29,0,29
1027,205,776,29,0,29
1028,205,776,29,0,29
1029,205,776,29,0,29
1030,205,776,29,0,29
1031,206,776,29,0,29
1032,206,776,29,0,29
1033,206,776,29,0,29
1034,206,781,29,0,29
1035,206,781,29,0,29
1036,207,781,29,0,29
1037,207,781,29,0,29
1038,207,781,29,0,29
1039,207,781,29,0,29
1040,207,781,29,0,29
1041,208,781,29,0,29
1042,208,781,29,0,29
1043,208,781,29,0,29
1044,208,781,29,0,29
1045,208,781,29,0,29
1046,209,781,29,0,29
1047,209,781,29,0,29
1048,209,781,29,0,29
1049,209,781,29,0,29
1050,209,781,29,0,29
1051,210,781,29,0,29
1052,210,781,29,0,29
1053,210,781,29,0,29
1054,210,781,29,0,29
1055,210,781,29,0,29
1056,211,781,29,0,29
1057,211,781,29,0,29
1058,211,781,29,0,29
1059,211,781,29,0,29
1060,211,781,29,0,29
1061,212,781,29,0,29
1062,212,781,29,0,29
1063,212,781,29,0,29
1064,212,781,29,0,29
1065,212,781,29,0,29
1066,213,781,29,0,29
1067,213,781,29,0,29
1068,213,781,29,0,29
1069,213,781,29,0,29
1070,213,781,29,0,29
1071,214,781,31,0,31
1072,214,781,31,0,31
1073,214,781,31,0,31
1074,214,781,31,0,31
1075,214,781,31,0,31
1076,215,781,31,0,31
1077,215,781,31,0,31
1078,215,781,31,0,31
1079,215,781,31,0,31
1080,215,781,31,0,31
1081,216,781,31,0,31
1082,216,781,31,0,31
1083,216,786,31,0,31
1084,216,786,31,0,31
1085,216,786,31,0,31
1086,217,786,31,0,31
1087,217,796,33,0,33
1088,217,796,33,0,33
1089,217,796,33,0,33
1090,217,796,33,0,33
1091,218,796,33,0,33
1092,218,796,33,0,33
1093,218,796,33,0,33
1094,218,796,33,0,33
1095,218,796,33,0,33
1096,219,796,33,0,33
1097,219,796,33,0,33
1098,219,796,33,0,33
1099,219,796,33,0,33
1100,219,796,33,0,33
1101,220,796,33,0,33
1102,220,796,33,0,33
1103,220,796,33,0,33
1104,220,796,33,0,33
1105,220,796,33,0,33
1106,221,796,33,0,33
1107,221,796,33,0,33
1108,221,796,33,0,33
1109,221,796,33,0,33
1110,221,796,33,0,33
1111,222,796,33,0,33
1112,222,796,33,0,33
1113,222,796,33,0,33
1114,222,796,33,0,33
1115,222,796,33,0,33
1116,223,796,33,0,33
1117,223,801,33,0,33
1118,223,801,33,0,33
1119,223,806,33,0,33
1120,223,811,33,0,33
1121,224,811,33,0,33
1122,224,811,33,0,33
1123,224,811,33,0,33
1124,224,811,33,0,33
1125,224,811,33,0,33
1126,225,811,33,0,33
1127,225,811,33,0,33
1128,225,811,33,0,33
1129,225,811,33,0,33
1130,225,811,33,0,33
1131,226,811,33,0,33
1132,226,811,33,0,33
1133,226,811,33,0,33
1134,226,816,33,0,33
1135,226,816,33,0,33
1136,227,816,33,0,33
1137,227,816,33,0,33
1138,227,816,33,0,33
1139,227,816,33,0,33
1140,227,816,33,0,33
1141,228,816,33,0,33
1142,228,816,33,0,33
1143,228,816,33,0,33
1144,228,816,33,0,33
1145,228,816,33,0,33
1146,229,816,33,0,33
1147,229,816,33,0,33
1148,229,816,33,0,33
1149,229,816,33,0,33
1150,229,816,33,0,33
1151,230,816,33,0,33
1152,230,821,33,0,33
1153,230,821,33,0,33
1154,230,821,33,0,33
1155,230,821,33,0,33
1156,231,821,33,0,33
1157,231,821,33,0,33
1158,231,821,33,0,33
1159,231,821,33,0,33
1160,231,821,33,0,33
1161,232,821,33,0,33
1162,232,821,33,0,33
1163,232,821,33,0,33
1164,232,821,33,0,33
1165,232,821,33,0,33
1166,233,821,33,0,33
1167,233,821,33,0,33
1168,233,821,33,0,33
1169,233,821,33,0,33
1170,233,821,33,0,33
1171,234,821,33,0,33
1172,234,821,33,0,33
1173,234,821,33,0,33
1174,234,821,33,0,33
1175,234,821,33,0,33
1176,235,821,33,0,33
1177,235,821,33,0,33
1178,235,821,33,0,33
1179,235,821,33,0,33
1180,235,821,33,0,33
1181,236,821,33,0,33
1182,236,821,33,0,33
1183,236,821,33,0,33
1184,236,821,33,0,33
1185,236,821,33,0,33
1186,237,821,33,0,33
1187,237,821,33,0,33
1188,237,826,33,0,33
1189,237,826,33,0,33
1190,237,826,33,0,33
1191,238,826,33,0,33
1192,238,826,33,0,33
1193,238,826,33,0,33
1194,238,826,33,0,33
1195,238,826,33,0,33
1196,239,826,33,0,33
1197,239,826,33,0,33
1198,239,831,33,0,33
1199,239,831,33,0,33
1200,239,831,33,0,33
1201,240,831,33,0,33
1202,240,831,33,0,33
1203,240,831,33,0,33
1204,240,831,33,0,33
1205,240,831,33,0,33
1206,241,831,33,0,33
1207,241,831,33,0,33
1208,241,831,33,0,33
1209,241,831,33,0,33
1210,241,831,33,0,33
1211,242,831,33,0,33
1212,242,831,33,0,33
1213,242,831,33,0,33
1214,242,831,33,0,33
1215,242,831,33,0,33
1216,243,831,33,0,33
1217,243,831,33,0,33
1218,243,831,33,0,33
1219,243,831,33,0,33
1220,243,831,33,0,33
1221,244,831,33,0,33
1222,244,831,33,0,33
1223,244,831,33,0,33
1224,244,831,33,0,33
1225,244,831,33,0,33
1226,245,831,33,0,33
1227,245,831,33,0,33
1228,245,831,33,0,33
1229,245,831,33,0,33
1230,245,831,33,0,33
1231,246,831,33,0,33
1232,246,831,33,0,33
1233,246,831,33,0,33
1234,246,831,33,0,33
1235,246,831,33,0,33
1236,247,836,33,0,33
1237,247,836,33,0,33
1238,247,836,33,0,33
1239,247,836,33,0,33
1240,247,836,33,0,33
1241,248,836,33,0,33
1242,248,836,33,0,33
1243,248,836,33,0,33
1244,248,836,33,0,33
1245,248,836,33,0,33
1246,249,836,33,0,33
1247,249,836,33,0,33
1248,249,836,33,0,33
1249,249,836,33,0,33
1250,249,841,33,0,33
1251,250,841,33,0,33
1252,250,841,33,0,33
1253,250,841,33,0,33
1254,250,841,33,0,33
1255,250,841,33,0,33
1256,251,841,33,0,33
1257,251,841,33,0,33
1258,251,841,33,0,33
1259,251,841,33,0,33
1260,251,841,33,0,33
1261,252,841,33,0,33
1262,252,841,33,0,33
1263,252,841,33,0,33
1264,252,841,33,0,33
1265,252,841,33,0,33
1266,253,841,33,0,33
1267,253,841,33,0,33
1268,253,841,33,0,33
1269,253,841,33,0,33
1270,253,841,33,0,33
1271,254,841,33,0,33
1272,254,841,33,0,33
1273,254,841,33,0,33
1274,254,841,33,0,33
1275,254,841,33,0,33
1276,255,841,33,0,33
1277,255,841,33,0,33
1278,255,841,33,0,33
1279,255,841,33,0,33
1280,255,841,33,0,33
1281,256,841,33,0,33
1282,256,841,33,0,33
1283,256,841,33,0,33
1284,256,841,33,0,33
1285,256,846,33,0,33
1286,257,846,33,0,33
1287,257,846,33,0,33
1288,257,846,33,0,33
1289,257,846,33,0,33
1290,257,846,33,0,33
1291,258,846,33,0,33
1292,258,846,33,0,33
1293,258,846,33,0,33
1294,258,846,33,0,33
1295,258,846,33,0,33
1296,259,846,33,0,33
1297,259,846,33,0,33
1298,259,851,33,0,33
1299,259,851,33,0,33
1300,259,851,33,0,33
1301,260,851,33,0,33
1302,260,851,33,0,33
1303,260,851,33,0,33
1304,260,851,33,0,33
1305,260,851,33,0,33
1306,261,851,33,0,33
1307,261,851,33,0,33
1308,261,851,33,0,33
1309,261,851,33,0,33
1310,261,851,33,0,33
1311,262,851,33,0,33
1312,262,851,33,0,33
1313,262,851,33,0,33
1314,262,851,33,0,33
1315,262,851,33,0,33
1316,263,851,33,0,33
1317,263,851,33,0,33
1318,263,851,33,0,33
1319,263,851,33,0,33
1320,263,851,33,0,33
1321,264,851,33,0,33
1322,264,851,33,0,33
1323,264,851,33,0,33
1324,264,851,33,0,33
1325,264,851,33,0,33
1326,265,851,33,0,33
1327,265,851,33,0,33
1328,265,851,33,0,33
1329,265,851,33,0,33
1330,265,851,33,0,33
1331,266,851,33,0,33
1332,266,851,33,0,33
1333,266,851,33,0,33
1334,266,851,33,0,33
1335,266,856,33,0,33
1336,267,856,33,0,33
1337,267,856,33,0,33
1338,267,856,33,0,33
1339,267,856,33,0,33
1340,267,856,33,0,33
1341,268,856,33,0,33
1342,268,856,33,0,33
1343,268,856,33,0,33
1344,268,856,33,0,33
1345,268,856,33,0,33
1346,269,856,33,0,33
1347,269,856,33,0,33
1348,269,861,33,0,33
1349,269,866,33,0,33
1350,269,866,33,0,33
1351,270,871,33,0,33
1352,270,876,33,0,33
1353,270,876,33,0,33
1354,270,876,33,0,33
1355,270,876,33,0,33
1356,271,876,33,0,33
1357,271,876,33,0,33
1358,271,876,33,0,33
1359,271,876,33,0,33
1360,271,876,33,0,33
1361,272,876,33,0,33
1362,272,876,33,0,33
1363,272,876,33,0,33
1364,272,876,33,0,33
1365,272,876,33,0,33
1366,273,876,33,0,33
1367,273,876,33,0,33
1368,273,876,33,0,33
1369,273,876,33,0,33
1370,273,876,33,0,33
1371,274,876,33,0,33
1372,274,876,33,0,33
1373,274,876,33,0,33
1374,274,876,33,0,33
1375,274,876,33,0,33
1376,275,876,33,0,33
1377,275,876,33,0,33
1378,275,876,33,0,33
1379,275,876,33,0,33
1380,275,876,33,0,33
1381,276,881,33,0,33
1382,276,881,33,0,33
1383,276,886,33,0,33
1384,276,891,33,0,33
1385,276,891,33,0,33
1386,277,891,33,0,33
1387,277,891,33,0,33
1388,277,891,33,0,33
1389,277,891,33,0,33
1390,277,891,33,0,33
1391,278,891,33,0,33
1392,278,891,33,0,33
1393,278,891,33,0,33
1394,278,891,33,0,33
1395,278,891,33,0,33
1396,279,891,33,0,33
1397,279,891,33,0,33
1398,279,896,33,0,33
1399,279,896,33,0,33
1400,279,896,33,0,33
1401,280,896,33,0,33
1402,280,896,33,0,33
1403,280,896,33,0,33
1404,280,896,33,0,33
1405,280,896,33,0,33
1406,281,896,33,0,33
1407,281,896,33,0,33
1408,281,896,33,0,33
1409,281,896,33,0,33
1410,281,896,33,0,33
1411,282,896,33,0,33
1412,282,896,33,0,33
1413,282,896,33,0,33
1414,282,896,33,0,33
1415,282,896,33,0,33
1416,283,896,33,0,33
1417,283,901,33,0,33
1418,283,901,33,0,33
1419,283,901,33,0,33
1420,283,901,33,0,33
1421,284,901,33,0,33
1422,284,901,33,0,33
1423,284,901,33,0,33
1424,284,901,33,0,33
1425,284,901,33,0,33
1426,285,901,33,0,33
1427,285,901,33,0,33
1428,285,901,33,0,33
1429,285,901,33,0,33
1430,285,901,33,0,33
1431,286,901,33,0,33
1432,286,901,33,0,33
1433,286,901,33,0,33
1434,286,901,33,0,33
1435,286,901,33,0,33
1436,287,901,33,0,33
1437,287,901,33,0,33
1438,287,901,33,0,33
1439,287,901,33,0,33
1440,287,901,33,0,33
1441,288,901,33,0,33
1442,288,901,33,0,33
1443,288,901,33,0,33
1444,288,901,33,0,33
1445,288,901,33,0,33
1446,289,901,33,0,33
1447,289,901,33,0,33
1448,289,901,33,0,33
1449,289,901,33,0,33
1450,289,901,33,0,33
1451,290,901,33,0,33
1452,290,901,33,0,33
1453,290,906,33,0,33
1454,290,906,33,0,33
1455,290,906,33,0,33
1456,291,906,33,0,33
1457,291,906,33,0,33
1458,291,906,33,0,33
1459,291,906,33,0,33
1460,291,911,33,0,33
1461,292,911,33,0,33
1462,292,911,33,0,33
1463,292,911,33,0,33
1464,292,911,33,0,33
1465,292,911,33,0,33
1466,293,911,33,0,33
1467,293,911,33,0,33
1468,293,911,33,0,33
1469,293,911,33,0,33
1470,293,911,33,0,33
1471,294,911,33,0,33
1472,294,911,33,0,33
1473,294,911,33,0,33
1474,294,911,33,0,33
1475,294,911,33,0,33
1476,295,911,33,0,33
1477,295,911,33,0,33
1478,295,911,33,0,33
1479,295,911,33,0,33
1480,295,911,33,0,33
1481,296,911,33,0,33
1482,296,911,33,0,33
1483,296,911,33,0,33
1484,296,911,33,0,33
1485,296,911,33,0,33
1486,297,911,33,0,33
1487,297,911,33,0,33
1488,297,911,33,0,33
1489,297,911,33,0,33
1490,297,911,33,0,33
1491,298,911,33,0,33
1492,298,911,33,0,33
1493,298,911,33,0,33
1494,298,911,33,0,33
1495,298,911,33,0,33
1496,299,911,33,0,33
1497,299,911,33,0,33
1498,299,911,33,0,33
1499,299,911,33,0,33
1500,299,911,33,0,33
1501,300,911,33,0,33
1502,300,916,33,0,33
1503,300,916,33,0,33
1504,300,916,33,0,33
1505,300,916,33,0,33
1506,301,916,33,0,33
1507,301,916,33,0,33
1508,301,916,33,0,33
1509,301,916,33,0,33
1510,301,916,33,0,33
1511,302,916,33,0,33
1512,302,921,33,0,33
1513,302,921,33,0,33
1514,302,921,33,0,33
1515,302,921,33,0,33
1516,303,921,33,0,33
1517,303,921,33,0,33
1518,303,921,33,0,33
1519,303,921,33,0,33
1520,303,921,33,0,33
1521,304,921,33,0,33
1522,304,921,33,0,33
1523,304,921,33,0,33
1524,304,921,33,0,33
1525,304,921,33,0,33
1526,305,921,33,0,33
1527,305,921,33,0,33
1528,305,921,33,0,33
1529,305,921,33,0,33
1530,305,921,33,0,33
1531,306,921,33,0,33
1532,306,921,33,0,33
1533,306,921,33,0,33
1534,306,921,33,0,33
1535,306,921,33,0,33
1536,307,921,33,0,33
1537,307,921,33,0,33
1538,307,921,33,0,33
1539,307,921,33,0,33
1540,307,921,33,0,33
1541,308,921,33,0,33
1542,308,921,33,0,33
1543,308,921,33,0,33
1544,308,921,33,0,33
1545,308,921,33,0,33
1546,309,921,33,0,33
1547,309,921,33,0,33
1548,309,921,33,0,33
1549,309,926,33,0,33
1550,309,926,33,0,33
1551,310,926,33,0,33
1552,310,926,33,0,33
1553,310,926,33,0,33
1554,310,926,33,0,33
1555,310,926,33,0,33
1556,311,926,33,0,33
1557,311,926,33,0,33
1558,311,926,33,0,33
1559,311,926,33,0,33
1560,311,926,33,0,33
1561,312,926,33,0,33
1562,312,926,33,0,33
1563,312,926,33,0,33
1564,312,931,33,0,33
1565,312,931,33,0,33
1566,313,931,33,0,33
1567,313,931,33,0,33
1568,313,931,33,0,33
1569,313,931,33,0,33
1570,313,931,33,0,33
1571,314,931,33,0,33
1572,314,931,33,0,33
1573,314,931,33,0,33
1574,314,931,33,0,33
1575,314,931,33,0,33
1576,315,931,33,0,33
1577,315,931,33,0,33
1578,315,931,33,0,33
1579,315,931,33,0,33
1580,315,931,33,0,33
1581,316,931,33,0,33
1582,316,931,33,0,33
1583,316,931,33,0,33
1584,316,931,33,0,33
1585,316,931,33,0,33
1586,317,931,33,0,33
1587,317,931,33,0,33
1588,317,931,33,0,33
1589,317,931,33,0,33
1590,317,931,33,0,33
1591,318,931,33,0,33
1592,318,931,33,0,33
1593,318,931,33,0,33
1594,318,931,33,0,33
1595,318,931,33,0,33
1596,319,931,33,0,33
1597,319,931,33,0,33
1598,319,931,33,0,33
1599,319,936,33,0,33
1600,319,936,33,0,33
1601,320,936,33,0,33
1602,320,936,33,0,33
1603,320,936,33,0,33
1604,320,936,33,0,33
1605,320,936,33,0,33
1606,321,936,33,0,33
1607,321,936,33,0,33
1608,321,936,33,0,33
1609,321,936,33,0,33
1610,321,936,33,0,33
1611,322,936,33,0,33
1612,322,936,33,0,33
1613,322,951,33,0,33
1614,322,951,33,0,33
1615,322,951,33,0,33
1616,323,951,33,0,33
1617,323,951,33,0,33
1618,323,956,33,0,33
1619,323,956,33,0,33
1620,323,956,33,0,33
1621,324,956,33,0,33
1622,324,956,33,0,33
1623,324,956,33,0,33
1624,324,956,33,0,33
1625,324,956,33,0,33
1626,325,956,33,0,33
1627,325,956,33,0,33
1628,325,956,33,0,33
1629,325,956,33,0,33
1630,325,956,33,0,33
1631,326,956,33,0,33
1632,326,956,33,0,33
1633,326,956,33,0,33
1634,326,956,33,0,33
1635,326,956,33,0,33
1636,327,956,33,0,33
1637,327,956,33,0,33
1638,327,956,33,0,33
1639,327,956,33,0,33
1640,327,956,33,0,33
1641,328,956,33,0,33
1642,328,956,33,0,33
1643,328,956,33,0,33
1644,328,956,33,0,33
1645,328,961,33,0,33
1646,329,966,33,0,33
1647,329,966,33,0,33
1648,329,966,33,0,33
1649,329,966,33,0,33
1650,329,971,33,0,33
1651,330,971,33,0,33
1652,330,971,33,0,33
1653,330,971,33,0,33
1654,330,971,33,0,33
1655,330,971,33,0,33
1656,331,971,33,0,33
1657,331,971,33,0,33
1658,331,971,33,0,33
1659,331,971,33,0,33
1660,331,976,33,0,33
1661,332,976,33,0,33
1662,332,976,33,0,33
1663,332,976,33,0,33
1664,332,976,33,0,33
1665,332,976,33,0,33
1666,333,976,33,0,33
1667,333,976,33,0,33
1668,333,976,33,0,33
1669,333,976,33,0,33
1670,333,976,33,0,33
1671,334,976,33,0,33
1672,334,976,33,0,33
1673,334,976,33,0,33
1674,334,976,33,0,33
1675,334,976,33,0,33
1676,335,976,33,0,33
1677,335,976,33,0,33
1678,335,976,33,0,33
1679,335,976,33,0,33
1680,335,976,33,0,33
1681,336,981,33,0,33
1682,336,981,33,0,33
1683,336,981,33,0,33
1684,336,981,33,0,33
1685,336,981,33,0,33
1686,337,981,33,0,33
1687,337,981,33,0,33
1688,337,981,33,0,33
1689,337,981,33,0,33
1690,337,981,33,0,33
1691,338,981,33,0,33
1692,338,981,33,0,33
1693,338,981,33,0,33
1694,338,981,33,0,33
1695,338,981,33,0,33
1696,339,981,33,0,33
1697,339,981,33,0,33
1698,339,981,33,0,33
1699,339,981,33,0,33
1700,339,981,33,0,33
1701,340,981,33,0,33
1702,340,981,33,0,33
1703,340,981,33,0,33
1704,340,981,33,0,33
1705,340,981,33,0,33
1706,341,981,33,0,33
1707,341,981,33,0,33
1708,341,981,33,0,33
1709,341,981,33,0,33
1710,341,981,33,0,33
1711,342,981,33,0,33
1712,342,981,33,0,33
1713,342,981,33,0,33
1714,342,981,33,0,33
1715,342,981,33,0,33
1716,343,981,33,0,33
1717,343,981,33,0,33
1718,343,986,33,0,33
1719,343,986,33,0,33
1720,343,986,33,0,33
1721,344,986,33,0,33
1722,344,991,33,0,33
1723,344,991,33,0,33
1724,344,991,33,0,33
1725,344,991,33,0,33
1726,345,991,33,0,33
1727,345,991,33,0,33
1728,345,991,33,0,33
1729,345,991,33,0,33
1730,345,991,33,0,33
1731,346,991,33,0,33
1732,346,991,33,0,33
1733,346,991,33,0,33
1734,346,991,33,0,33
1735,346,991,33,0,33
1736,347,991,33,0,33
1737,347,991,33,0,33
1738,347,991,33,0,33
1739,347,991,33,0,33
1740,347,991,33,0,33
1741,348,991,33,0,33
1742,348,991,33,0,33
1743,348,991,33,0,33
1744,348,991,33,0,33
1745,348,991,33,0,33
1746,349,991,33,0,33
1747,349,991,33,0,33
1748,349,991,33,0,33
1749,349,991,33,0,33
1750,349,991,33,0,33
1751,350,991,33,0,33
1752,350,991,33,0,33
1753,350,991,33,0,33
1754,350,991,33,0,33
1755,350,991,33,0,33
1756,351,991,33,0,33
1757,351,991,33,0,33
1758,351,991,33,0,33
1759,351,991,33,0,33
1760,351,991,33,0,33
1761,352,991,33,0,33
1762,352,991,33,0,33
1763,352,991,33,0,33
1764,352,991,33,0,33
1765,352,991,33,0,33
1766,353,991,33,0,33
1767,353,991,33,0,33
1768,353,996,33,0,33
1769,353,996,33,0,33
1770,353,996,33,0,33
1771,354,996,33,0,33
1772,354,996,33,0,33
1773,354,996,33,0,33
1774,354,996,33,0,33
1775,354,996,33,0,33
1776,355,1001,33,0,33
1777,355,1001,33,0,33
1778,355,1001,33,0,33
1779,355,1001,33,0,33
1780,355,1001,33,0,33
1781,356,1001,33,0,33
1782,356,1001,33,0,33
1783,356,1001,33,0,33
1784,356,1001,33,0,33
1785,356,1001,33,0,33
1786,357,1001,33,0,33
1787,357,1001,33,0,33
1788,357,1001,33,0,33
1789,357,1001,33,0,33
1790,357,1001,33,0,33
1791,358,1001,33,0,33
1792,358,1001,33,0,33
1793,358,1001,33,0,33
1794,358,1001,33,0,33
1795,358,1001,33,0,33
1796,359,1001,33,0,33
1797,359,1001,33,0,33
1798,359,1001,33,0,33
1799,359,1001,33,0,33
1800,359,1001,33,0,33
1801,360,1001,33,0,33
1802,360,1001,33,0,33
1803,360,1001,33,0,33
1804,360,1001,33,0,33
1805,360,1001,33,0,33
1806,361,1001,33,0,33
1807,361,1001,33,0,33
1808,361,1001,33,0,33
1809,361,1001,33,0,33
1810,361,1001,33,0,33
1811,362,1001,33,0,33
1812,362,1001,33,0,33
1813,362,1006,33,0,33
1814,362,1006,33,0,33
1815,362,1006,33,0,33
1816,363,1006,33,0,33
1817,363,1006,33,0,33
1818,363,1006,33,0,33
1819,363,1006,33,0,33
1820,363,1006,33,0,33
1821,364,1006,33,0,33
1822,364,1006,33,0,33
1823,364,1006,33,0,33
1824,364,1006,33,0,33
1825,364,1006,33,0,33
1826,365,1011,33,0,33
1827,365,1011,33,0,33
1828,365,1011,33,0,33
1829,365,1011,33,0,33
1830,365,1011,33,0,33
1831,366,1011,33,0,33
1832,366,1011,33,0,33
1833,366,1011,33,0,33
1834,366,1011,33,0,33
1835,366,1011,33,0,33
1836,367,1011,33,0,33
1837,367,1011,33,0,33
1838,367,1011,33,0,33
1839,367,1011,33,0,33
1840,367,1011,33,0,33
1841,368,1011,33,0,33
1842,368,1011,33,0,33
1843,368,1011,33,0,33
1844,368,1011,33,0,33
1845,368,1011,33,0,33
1846,369,1011,33,0,33
1847,369,1011,33,0,33
1848,369,1011,33,0,33
1849,369,1011,33,0,33
1850,369,1011,33,0,33
1851,370,1011,33,0,33
1852,370,1011,33,0,33
1853,370,1011,33,0,33
1854,370,1011,33,0,33
1855,370,1011,33,0,33
1856,371,1011,33,0,33
1857,371,1011,33,0,33
1858,371,1011,33,0,33
1859,371,1011,33,0,33
1860,371,1011,33,0,33
1861,372,1011,33,0,33
1862,372,1011,33,0,33
1863,372,1016,33,0,33
1864,372,1016,33,0,33
1865,372,1016,33,0,33
1866,373,1016,33,0,33
1867,373,1016,33,0,33
1868,373,1016,33,0,33
1869,373,1016,33,0,33
1870,373,1016,33,0,33
1871,374,1016,33,0,33
1872,374,1016,33,0,33
1873,374,1016,33,0,33
1874,374,1016,33,0,33
1875,374,1016,33,0,33
1876,375,1026,33,0,33
1877,375,1026,33,0,33
1878,375,1031,33,0,33
1879,375,1031,33,0,33
1880,375,1031,33,0,33
1881,376,1031,33,0,33
1882,376,1036,33,0,33
1883,376,1036,33,0,33
1884,376,1036,33,0,33
1885,376,1036,33,0,33
1886,377,1036,33,0,33
1887,377,1036,33,0,33
1888,377,1036,33,0,33
1889,377,1036,33,0,33
1890,377,1036,33,0,33
1891,378,1036,33,0,33
1892,378,1036,33,0,33
1893,378,1036,33,0,33
1894,378,1036,33,0,33
1895,378,1036,33,0,33
1896,379,1036,33,0,33
1897,379,1036,33,0,33
1898,379,1036,33,0,33
1899,379,1036,33,0,33
1900,379,1036,33,0,33
1901,380,1036,33,0,33
1902,380,1036,33,0,33
1903,380,1036,33,0,33
1904,380,1036,33,0,33
1905,380,1036,33,0,33
1906,381,1036,33,0,33
1907,381,1036,33,0,33
1908,381,1036,33,0,33
1909,381,1036,33,0,33
1910,381,1041,33,0,33
1911,382,1046,33,0,33
1912,382,1046,33,0,33
1913,382,1046,33,0,33
1914,382,1046,33,0,33
1915,382,1046,33,0,33
1916,383,1046,33,0,33
1917,383,1046,33,0,33
1918,383,1051,33,0,33
1919,383,1051,33,0,33
1920,383,1051,33,0,33
1921,384,1051,33,0,33
1922,384,1051,33,0,33
1923,384,1051,33,0,33
1924,384,1056,33,0,33
1925,384,1056,33,0,33
1926,385,1056,33,0,33
1927,385,1056,33,0,33
1928,385,1056,33,0,33
1929,385,1056,33,0,33
1930,385,1056,33,0,33
1931,386,1056,33,0,33
1932,386,1056,33,0,33
1933,386,1056,33,0,33
1934,386,1056,33,0,33
1935,386,1056,33,0,33
1936,387,1056,33,0,33
1937,387,1056,33,0,33
1938,387,1056,33,0,33
1939,387,1056,33,0,33
1940,387,1056,33,0,33
1941,388,1056,33,0,33
1942,388,1056,33,0,33
1943,388,1056,33,0,33
1944,388,1056,33,0,33
1945,388,1056,33,0,33
1946,389,1056,33,0,33
1947,389,1061,33,0,33
1948,389,1061,33,0,33
1949,389,1061,33,0,33
1950,389,1061,33,0,33
1951,390,1061,33,0,33
1952,390,1061,33,0,33
1953,390,1061,33,0,33
1954,390,1061,33,0,33
1955,390,1061,33,0,33
1956,391,1061,33,0,33
1957,391,1061,33,0,33
1958,391,1061,33,0,33
1959,391,1061,33,0,33
1960,391,1061,33,0,33
1961,392,1061,33,0,33
1962,392,1061,33,0,33
1963,392,1061,33,0,33
1964,392,1061,33,0,33
1965,392,1061,33,0,33
1966,393,1061,33,0,33
1967,393,1061,33,0,33
1968,393,1061,33,0,33
1969,393,1061,33,0,33
1970,393,1061,33,0,33
1971,394,1061,33,0,33
1972,394,1061,33,0,33
1973,394,1061,33,0,33
1974,394,1061,33,0,33
1975,394,1061,33,0,33
1976,395,1061,33,0,33
1977,395,1061,33,0,33
1978,395,1061,33,0,33
1979,395,1061,33,0,33
1980,395,1061,33,0,33
1981,396,1061,33,0,33
1982,396,1061,33,0,33
1983,396,1061,33,0,33
1984,396,1066,33,0,33
1985,396,1066,33,0,33
1986,397,1071,33,0,33
1987,397,1071,33,0,33
1988,397,1071,33,0,33
1989,397,1071,33,0,33
1990,397,1071,33,0,33
1991,398,1071,33,0,33
1992,398,1071,33,0,33
1993,398,1071,33,0,33
1994,398,1071,33,0,33
1995,398,1071,33,0,33
1996,399,1071,33,0,33
1997,399,1071,33,0,33
1998,399,1071,33,0,33
1999,399,1071,33,0,33
2000,399,1071,33,0,33
2001,400,1071,33,0,33
2002,400,1071,33,0,33
2003,400,1071,33,0,33
2004,400,1071,33,0,33
2005,400,1071,33,0,33
2006,401,1071,33,0,33
2007,401,1071,33,0,33
2008,401,1071,33,0,33
2009,401,1071,33,0,33
2010,401,1071,33,0,33
2011,402,1071,33,0,33
2012,402,1071,33,0,33
2013,402,1071,33,0,33
2014,402,1071,33,0,33
2015,402,1071,33,0,33
2016,403,1071,33,0,33
2017,403,1071,33,0,33
2018,403,1071,33,0,33
2019,403,1071,33,0,33
2020,403,1071,33,0,33
2021,404,1071,33,0,33
2022,404,1071,33,0,33
2023,404,1071,33,0,33
2024,404,1071,33,0,33
2025,404,1071,33,0,33
2026,405,1071,33,0,33
2027,405,1071,33,0,33
2028,405,1071,33,0,33
2029,405,1071,33,0,33
2030,405,1071,33,0,33
2031,406,1076,33,0,33
2032,406,1076,33,0,33
2033,406,1076,33,0,33
2034,406,1076,33,0,33
2035,406,1076,33,0,33
2036,407,1076,33,0,33
2037,407,1076,33,0,33
2038,407,1076,33,0,33
2039,407,1076,33,0,33
2040,407,1076,33,0,33
2041,408,1081,33,0,33
2042,408,1081,33,0,33
2043,408,1081,33,0,33
2044,408,1081,33,0,33
2045,408,1081,33,0,33
2046,409,1081,33,0,33
2047,409,1081,33,0,33
2048,409,1081,33,0,33
2049,409,1081,33,0,33
2050,409,1081,33,0,33
2051,410,1081,33,0,33
2052,410,1081,33,0,33
2053,410,1081,33,0,33
2054,410,1081,33,0,33
2055,410,1081,33,0,33
2056,411,1081,33,0,33
2057,411,1081,33,0,33
2058,411,1081,33,0,33
2059,411,1081,33,0,33
2060,411,1081,33,0,33
2061,412,1081,33,0,33
2062,412,1081,33,0,33
2063,412,1081,33,0,33
2064,412,1081,33,0,33
2065,412,1081,33,0,33
2066,413,1081,33,0,33
2067,413,1081,33,0,33
2068,413,1081,33,0,33
2069,413,1081,33,0,33
2070,413,1081,33,0,33
2071,414,1081,33,0,33
2072,414,1081,33,0,33
2073,414,1081,33,0,33
2074,414,1081,33,0,33
2075,414,1081,33,0,33
2076,415,1086,33,0,33
2077,415,1086,33,0,33
2078,415,1086,33,0,33
2079,415,1086,33,0,33
2080,415,1086,33,0,33
2081,416,1086,33,0,33
2082,416,1086,33,0,33
2083,416,1086,33,0,33
2084,416,1086,33,0,33
2085,416,1086,33,0,33
2086,417,1086,33,0,33
2087,417,1086,33,0,33
2088,417,1091,33,0,33
2089,417,1091,33,0,33
2090,417,1091,33,0,33
2091,418,1091,33,0,33
2092,418,1091,33,0,33
2093,418,1091,33,0,33
2094,418,1091,33,0,33
2095,418,1091,33,0,33
2096,419,1091,33,0,33
2097,419,1091,33,0,33
2098,419,1091,33,0,33
2099,419,1091,33,0,33
2100,419,1091,33,0,33
2101,420,1091,33,0,33
2102,420,1091,33,0,33
2103,420,1091,33,0,33
2104,420,1091,33,0,33
2105,420,1091,33,0,33
2106,421,1091,33,0,33
2107,421,1091,33,0,33
2108,421,1091,33,0,33
2109,421,1091,33,0,33
2110,421,1091,33,0,33
2111,422,1091,33,0,33
2112,422,1091,33,0,33
2113,422,1091,33,0,33
2114,422,1091,33,0,33
2115,422,1091,33,0,33
2116,423,1091,33,0,33
2117,423,1091,33,0,33
2118,423,1091,33,0,33
2119,423,1091,33,0,33
2120,423,1091,33,0,33
2121,424,1091,33,0,33
2122,424,1091,33,0,33
2123,424,1091,33,0,33
2124,424,1091,33,0,33
2125,424,1091,33,0,33
2126,425,1091,33,0,33
2127,425,1091,33,0,33
2128,425,1091,33,0,33
2129,425,1091,33,0,33
2130,425,1096,33,0,33
2131,426,1096,33,0,33
2132,426,1096,33,0,33
2133,426,1096,33,0,33
2134,426,1096,33,0,33
2135,426,1096,33,0,33
2136,427,1096,33,0,33
2137,427,1096,33,0,33
2138,427,1096,33,0,33
2139,427,1101,33,0,33
2140,427,1101,33,0,33
2141,428,1101,33,0,33
2142,428,1101,33,0,33
2143,428,1111,33,0,33
2144,428,1116,33,0,33
2145,428,1116,33,0,33
2146,429,1116,33,0,33
2147,429,1116,33,0,33
2148,429,1116,33,0,33
2149,429,1116,33,0,33
2150,429,1116,33,0,33
2151,430,1116,33,0,33
2152,430,1116,33,0,33
2153,430,1116,33,0,33
2154,430,1116,33,0,33
2155,430,1116,33,0,33
2156,431,1116,33,0,33
2157,431,1116,33,0,33
2158,431,1116,33,0,33
2159,431,1116,33,0,33
2160,431,1116,33,0,33
2161,432,1116,33,0,33
2162,432,1116,33,0,33
2163,432,1116,33,0,33
2164,432,1116,33,0,33
2165,432,1116,33,0,33
2166,433,1116,33,0,33
2167,433,1116,33,0,33
2168,433,1116,33,0,33
2169,433,1116,33,0,33
2170,433,1116,33,0,33
2171,434,1116,33,0,33
2172,434,1121,33,0,33
2173,434,1121,33,0,33
2174,434,1126,33,0,33
2175,434,1126,33,0,33
2176,435,1126,33,0,33
2177,435,1126,33,0,33
2178,435,1126,33,0,33
2179,435,1126,33,0,33
2180,435,1126,33,0,33
2181,436,1126,33,0,33
2182,436,1126,33,0,33
2183,436,1131,33,0,33
2184,436,1131,33,0,33
2185,436,1131,33,0,33
2186,437,1131,33,0,33
2187,437,1131,33,0,33
2188,437,1131,33,0,33
2189,437,1136,33,0,33
2190,437,1136,33,0,33
2191,438,1136,33,0,33
2192,438,1136,33,0,33
2193,438,1136,33,0,33
2194,438,1136,33,0,33
2195,438,1136,33,0,33
2196,439,1136,33,0,33
2197,439,1136,33,0,33
2198,439,1136,33,0,33
2199,439,1136,33,0,33
2200,439,1136,33,0,33
2201,440,1136,33,0,33
2202,440,1136,33,0,33
2203,440,1136,33,0,33
2204,440,1136,33,0,33
2205,440,1136,33,0,33
2206,441,1136,33,0,33
2207,441,1136,33,0,33
2208,441,1136,33,0,33
2209,441,1136,33,0,33
2210,441,1136,33,0,33
2211,442,1136,33,0,33
2212,442,1141,33,0,33
2213,442,1141,33,0,33
2214,442,1141,33,0,33
2215,442,1141,33,0,33
2216,443,1141,33,0,33
2217,443,1141,33,0,33
2218,443,1141,33,0,33
2219,443,1141,33,0,33
2220,443,1141,33,0,33
2221,444,1141,33,0,33
2222,444,1141,33,0,33
2223,444,1141,33,0,33
2224,444,1141,33,0,33
2225,444,1141,33,0,33
2226,445,1141,33,0,33
2227,445,1141,33,0,33
2228,445,1141,33,0,33
2229,445,1141,33,0,33
2230,445,1141,33,0,33
2231,446,1141,33,0,33
2232,446,1141,33,0,33
2233,446,1141,33,0,33
2234,446,1141,33,0,33
2235,446,1141,33,0,33
2236,447,1141,33,0,33
2237,447,1141,33,0,33
2238,447,1141,33,0,33
2239,447,1141,33,0,33
2240,447,1141,33,0,33
2241,448,1141,33,0,33
2242,448,1141,33,0,33
2243,448,1141,33,0,33
2244,448,1141,33,0,33
2245,448,1141,33,0,33
2246,449,1141,33,0,33
2247,449,1141,33,0,33
2248,449,1141,33,0,33
2249,449,1146,33,0,33
2250,449,1146,33,0,33
2251,450,1151,33,0,33
2252,450,1151,33,0,33
2253,450,1151,33,0,33
2254,450,1151,33,0,33
2255,450,1151,33,0,33
2256,451,1151,33,0,33
2257,451,1151,33,0,33
2258,451,1151,33,0,33
2259,451,1151,33,0,33
2260,451,1151,33,0,33
2261,452,1151,33,0,33
2262,452,1151,33,0,33
2263,452,1151,33,0,33
2264,452,1151,33,0,33
2265,452,1151,33,0,33
2266,453,1151,33,0,33
2267,453,1151,33,0,33
2268,453,1151,33,0,33
2269,453,1151,33,0,33
2270,453,1151,33,0,33
2271,454,1151,33,0,33
2272,454,1151,33,0,33
2273,454,1151,33,0,33
2274,454,1151,33,0,33
2275,454,1151,33,0,33
2276,455,1151,33,0,33
2277,455,1151,33,0,33
2278,455,1151,33,0,33
2279,455,1151,33,0,33
2280,455,1151,33,0,33
2281,456,1151,33,0,33
2282,456,1151,33,0,33
2283,456,1151,33,0,33
2284,456,1151,33,0,33
2285,456,1151,33,0,33
2286,457,1151,33,0,33
2287,457,1151,33,0,33
2288,457,1151,33,0,33
2289,457,1151,33,0,33
2290,457,1151,33,0,33
2291,458,1151,33,0,33
2292,458,1151,33,0,33
2293,458,1151,33,0,33
2294,458,1151,33,0,33
2295,458,1156,33,0,33
2296,459,1156,33,0,33
2297,459,1156,33,0,33
2298,459,1156,33,0,33
2299,459,1156,33,0,33
2300,459,1156,33,0,33
2301,460,1156,33,0,33
2302,460,1156,33,0,33
2303,460,1156,33,0,33
2304,460,1156,33,0,33
2305,460,1156,33,0,33
2306,461,1161,33,0,33
2307,461,1161,33,0,33
2308,461,1161,33,0,33
2309,461,1161,33,0,33
2310,461,1161,33,0,33
2311,462,1161,33,0,33
2312,462,1161,33,0,33
2313,462,1161,33,0,33
2314,462,1161,33,0,33
2315,462,1161,33,0,33
2316,463,1161,33,0,33
2317,463,1161,33,0,33
2318,463,1161,33,0,33
2319,463,1161,33,0,33
2320,463,1161,33,0,33
2321,464,1161,33,0,33
2322,464,1161,33,0,33
2323,464,1161,33,0,33
2324,464,1161,33,0,33
2325,464,1161,33,0,33
2326,465,1161,33,0,33
2327,465,1161,33,0,33
2328,465,1161,33,0,33
2329,465,1161,33,0,33
2330,465,1161,33,0,33
2331,466,1161,33,0,33
2332,466,1161,33,0,33
2333,466,1161,33,0,33
2334,466,1161,33,0,33
2335,466,1161,33,0,33
2336,467,1161,33,0,33
2337,467,1161,33,0,33
2338,467,1161,33,0,33
2339,467,1161,33,0,33
2340,467,1166,33,0,33
2341,468,1166,33,0,33
2342,468,1166,33,0,33
2343,468,1166,33,0,33
2344,468,1166,33,0,33
2345,468,1166,33,0,33
2346,469,1166,33,0,33
2347,469,1166,33,0,33
2348,469,1166,33,0,33
2349,469,1166,33,0,33
2350,469,1166,33,0,33
2351,470,1166,33,0,33
2352,470,1166,33,0,33
2353,470,1171,33,0,33
2354,470,1171,33,0,33
2355,470,1171,33,0,33
2356,471,1171,33,0,33
2357,471,1171,33,0,33
2358,471,1171,33,0,33
2359,471,1171,33,0,33
2360,471,1171,33,0,33
2361,472,1171,33,0,33
2362,472,1171,33,0,33
2363,472,1171,33,0,33
2364,472,1171,33,0,33
2365,472,1171,33,0,33
2366,473,1171,33,0,33
2367,473,1171,33,0,33
2368,473,1171,33,0,33
2369,473,1171,33,0,33
2370,473,1171,33,0,33
2371,474,1171,33,0,33
2372,474,1171,33,0,33
2373,474,1171,33,0,33
2374,474,1171,33,0,33
2375,474,1171,33,0,33
2376,475,1171,33,0,33
2377,475,1171,33,0,33
2378,475,1171,33,0,33
2379,475,1171,33,0,33
2380,475,1171,33,0,33
2381,476,1171,33,0,33
2382,476,1171,33,0,33
2383,476,1171,33,0,33
2384,476,1171,33,0,33
2385,476,1171,33,0,33
2386,477,1171,33,0,33
2387,477,1171,33,0,33
2388,477,1171,33,0,33
2389,477,1171,33,0,33
2390,477,1171,33,0,33
2391,478,1171,33,0,33
2392,478,1171,33,0,33
2393,478,1176,33,0,33
2394,478,1176,33,0,33
2395,478,1176,33,0,33
2396,479,1176,33,0,33
2397,479,1176,33,0,33
2398,479,1176,33,0,33
2399,479,1176,33,0,33
2400,479,1176,33,0,33
2401,480,1181,34,-1,33
2402,480,1181,34,-1,33
2403,480,1181,34,-1,33
2404,480,1181,34,-1,33
2405,480,1181,34,-1,33
2406,481,1181,34,-1,33
2407,481,1186,34,-1,33
2408,481,1196,36,-3,33
2409,481,1196,36,-3,33
2410,481,1196,36,-3,33
2411,482,1196,36,-3,33
2412,482,1196,36,-3,33
2413,482,1196,36,-3,33
2414,482,1196,36,-3,33
2415,482,1196,36,-3,33
2416,483,1196,36,-3,33
2417,483,1196,36,-3,33
2418,483,1196,36,-3,33
2419,483,1196,36,-3,33
2420,483,1196,36,-3,33
2421,484,1196,36,-3,33
2422,484,1196,36,-3,33
2423,484,1196,36,-3,33
2424,484,1196,36,-3,33
2425,484,1196,36,-3,33
2426,485,1196,36,-3,33
2427,485,1196,36,-3,33
2428,485,1196,36,-3,33
2429,485,1196,36,-3,33
2430,485,1196,36,-3,33
2431,486,1196,36,-3,33
2432,486,1196,36,-3,33
2433,486,1196,36,-3,33
2434,486,1201,37,-4,33
2435,486,1201,37,-4,33
2436,487,1201,37,-4,33
2437,487,1206,38,-5,33
2438,487,1206,38,-5,33
2439,487,1206,38,-5,33
2440,487,1206,38,-5,33
2441,488,1206,38,-5,33
2442,488,1206,38,-5,33
2443,488,1206,38,-5,33
2444,488,1206,38,-5,33
2445,488,1206,38,-5,33
2446,489,1206,38,-5,33
2447,489,1206,38,-5,33
2448,489,1211,39,-6,33
2449,489,1211,39,-6,33
2450,489,1211,39,-6,33
2451,490,1216,40,-7,33
2452,490,1216,40,-7,33
2453,490,1216,40,-7,33
2454,490,1216,40,-7,33
2455,490,1216,40,-7,33
2456,491,1216,40,-7,33
2457,491,1216,40,-7,33
2458,491,1216,40,-7,33
2459,491,1216,40,-7,33
2460,491,1216,40,-7,33
2461,492,1216,40,-7,33
2462,492,1216,40,-7,33
2463,492,1216,40,-7,33
2464,492,1216,40,-7,33
2465,492,1216,40,-7,33
2466,493,1216,40,-7,33
2467,493,1216,40,-7,33
2468,493,1216,40,-7,33
2469,493,1216,40,-7,33
2470,493,1216,40,-7,33
2471,494,1216,40,-7,33
2472,494,1216,40,-7,33
2473,494,1216,40,-7,33
2474,494,1216,40,-7,33
2475,494,1216,40,-7,33
2476,495,1221,41,-8,33
2477,495,1221,41,-8,33
2478,495,1221,41,-8,33
2479,495,1221,41,-8,33
2480,495,1221,41,-8,33
2481,496,1221,41,-8,33
2482,496,1221,41,-8,33
2483,496,1221,41,-8,33
2484,496,1221,41,-8,33
2485,496,1221,41,-8,33
2486,497,1221,41,-8,33
2487,497,1221,41,-8,33
2488,497,1221,41,-8,33
2489,497,1221,41,-8,33
2490,497,1221,41,-8,33
2491,498,1221,41,-8,33
2492,498,1221,41,-8,33
2493,498,1221,41,-8,33
2494,498,1221,41,-8,33
2495,498,1221,41,-8,33
2496,499,1221,41,-8,33
2497,499,1221,41,-8,33
2498,499,1221,41,-8,33
2499,499,1221,41,-8,33
2500,499,1221,41,-8,33
2501,500,1221,41,-8,33
2502,500,1221,41,-8,33
2503,500,1221,41,-8,33
2504,500,1221,41,-8,33
2505,500,1221,41,-8,33
2506,501,1221,41,-8,33
2507,501,1221,41,-8,33
2508,501,1221,41,-8,33
2509,501,1221,41,-8,33
2510,501,1221,41,-8,33
2511,502,1221,41,-8,33
2512,502,1221,41,-8,33
2513,502,1226,42,-9,33
2514,502,1231,43,-10,33
2515,502,1231,43,-10,33
2516,503,1231,43,-10,33
2517,503,1231,43,-10,33
2518,503,1231,43,-10,33
2519,503,1231,43,-10,33
2520,503,1231,43,-10,33
2521,504,1231,43,-10,33
2522,504,1231,43,-10,33
2523,504,1231,43,-10,33
2524,504,1231,43,-10,33
2525,504,1231,43,-10,33
2526,505,1231,43,-10,33
2527,505,1231,43,-10,33
2528,505,1231,43,-10,33
2529,505,1231,43,-10,33
2530,505,1231,43,-10,33
2531,506,1231,43,-10,33
2532,506,1231,43,-10,33
2533,506,1231,43,-10,33
2534,506,1231,43,-10,33
2535,506,1231,43,-10,33
2536,507,1231,43,-10,33
2537,507,1231,43,-10,33
2538,507,1231,43,-10,33
2539,507,1231,43,-10,33
2540,507,1231,43,-10,33
2541,508,1231,43,-10,33
2542,508,1231,43,-10,33
2543,508,1231,43,-10,33
2544,508,1231,43,-10,33
2545,508,1231,43,-10,33
2546,509,1231,43,-10,33
2547,509,1231,43,-10,33
2548,509,1231,43,-10,33
2549,509,1231,43,-10,33
2550,509,1231,43,-10,33
2551,510,1231,43,-10,33
2552,510,1231,43,-10,33
2553,510,1231,43,-10,33
2554,510,1231,43,-10,33
2555,510,1231,43,-10,33
2556,511,1231,43,-10,33
2557,511,1231,43,-10,33
2558,511,1231,43,-10,33
2559,511,1231,43,-10,33
2560,511,1236,44,-11,33
2561,512,1236,44,-11,33
2562,512,1236,44,-11,33
2563,512,1236,44,-11,33
2564,512,1236,44,-11,33
2565,512,1236,44,-11,33
2566,513,1236,44,-11,33
2567,513,1236,44,-11,33
2568,513,1236,44,-11,33
2569,513,1241,45,-12,33
2570,513,1241,45,-12,33
2571,514,1241,45,-12,33
2572,514,1241,45,-12,33
2573,514,1241,45,-12,33
2574,514,1241,45,-12,33
2575,514,1241,45,-12,33
2576,515,1241,45,-12,33
2577,515,1241,45,-12,33
2578,515,1241,45,-12,33
2579,515,1241,45,-12,33
2580,515,1241,45,-12,33
2581,516,1241,45,-12,33
2582,516,1241,45,-12,33
2583,516,1241,45,-12,33
2584,516,1241,45,-12,33
2585,516,1241,45,-12,33
2586,517,1241,45,-12,33
2587,517,1241,45,-12,33
2588,517,1241,45,-12,33
2589,517,1241,45,-12,33
2590,517,1241,45,-12,33
2591,518,1241,45,-12,33
2592,518,1241,45,-12,33
2593,518,1241,45,-12,33
2594,518,1241,45,-12,33
2595,518,1241,45,-12,33
2596,519,1241,45,-12,33
2597,519,1241,45,-12,33
2598,519,1241,45,-12,33
2599,519,1241,45,-12,33
2600,519,1241,45,-12,33
2601,520,1241,45,-12,33
2602,520,1241,45,-12,33
2603,520,1241,45,-12,33
2604,520,1246,46,-13,33
2605,520,1246,46,-13,33
2606,521,1246,46,-13,33
2607,521,1246,46,-13,33
2608,521,1246,46,-13,33
2609,521,1246,46,-13,33
2610,521,1246,46,-13,33
2611,522,1246,46,-13,33
2612,522,1246,46,-13,33
2613,522,1246,46,-13,33
2614,522,1246,46,-13,33
2615,522,1246,46,-13,33
2616,523,1251,47,-14,33
2617,523,1251,47,-14,33
2618,523,1251,47,-14,33
2619,523,1251,47,-14,33
2620,523,1251,47,-14,33
2621,524,1251,47,-14,33
2622,524,1251,47,-14,33
2623,524,1251,47,-14,33
2624,524,1251,47,-14,33
2625,524,1251,47,-14,33
2626,525,1251,47,-14,33
2627,525,1251,47,-14,33
2628,525,1251,47,-14,33
2629,525,1251,47,-14,33
2630,525,1251,47,-14,33
2631,526,1251,47,-14,33
2632,526,1251,47,-14,33
2633,526,1251,47,-14,33
2634,526,1251,47,-14,33
2635,526,1251,47,-14,33
2636,527,1251,47,-14,33
2637,527,1251,47,-14,33
2638,527,1251,47,-14,33
2639,527,1251,47,-14,33
2640,527,1251,47,-14,33
2641,528,1251,47,-14,33
2642,528,1251,47,-14,33
2643,528,1251,47,-14,33
2644,528,1251,47,-14,33
2645,528,1251,47,-14,33
2646,529,1251,47,-14,33
2647,529,1251,47,-14,33
2648,529,1251,47,-14,33
2649,529,1251,47,-14,33
2650,529,1251,47,-14,33
2651,530,1251,47,-14,33
2652,530,1251,47,-14,33
2653,530,1251,47,-14,33
2654,530,1251,47,-14,33
2655,530,1251,47,-14,33
2656,531,1256,48,-15,33
2657,531,1256,48,-15,33
2658,531,1256,48,-15,33
2659,531,1256,48,-15,33
2660,531,1256,48,-15,33
2661,532,1256,48,-15,33
2662,532,1256,48,-15,33
2663,532,1256,48,-15,33
2664,532,1256,48,-15,33
2665,532,1261,48,-15,33
2666,533,1261,48,-15,33
2667,533,1261,48,-15,33
2668,533,1261,48,-15,33
2669,533,1261,48,-15,33
2670,533,1266,49,-16,33
2671,534,1271,49,-16,33
2672,534,1271,49,-16,33
2673,534,1271,49,-16,33
2674,534,1271,49,-16,33
2675,534,1276,49,-16,33
2676,535,1276,49,-16,33
2677,535,1276,49,-16,33
2678,535,1276,49,-16,33
2679,535,1276,49,-16,33
2680,535,1276,49,-16,33
2681,536,1276,49,-16,33
2682,536,1276,49,-16,33
2683,536,1276,49,-16,33
2684,536,1276,49,-16,33
2685,536,1276,49,-16,33
2686,537,1276,49,-16,33
2687,537,1276,49,-16,33
2688,537,1276,49,-16,33
2689,537,1276,49,-16,33
2690,537,1276,49,-16,33
2691,538,1276,49,-16,33
2692,538,1276,49,-16,33
2693,538,1276,49,-16,33
2694,538,1276,49,-16,33
2695,538,1276,49,-16,33
2696,539,1276,49,-16,33
2697,539,1281,49,-16,33
2698,539,1281,49,-16,33
2699,539,1281,49,-16,33
2700,539,1281,49,-16,33
2701,540,1281,49,-16,33
2702,540,1286,49,-16,33
2703,540,1286,49,-16,33
2704,540,1286,49,-16,33
2705,540,1286,49,-16,33
2706,541,1286,49,-16,33
2707,541,1286,49,-16,33
2708,541,1286,49,-16,33
2709,541,1286,49,-16,33
2710,541,1291,49,-16,33
2711,542,1291,49,-16,33
2712,542,1291,49,-16,33
2713,542,1291,49,-16,33
2714,542,1296,49,-16,33
2715,542,1296,49,-16,33
2716,543,1296,49,-16,33
2717,543,1296,49,-16,33
2718,543,1296,49,-16,33
2719,543,1296,49,-16,33
2720,543,1296,49,-16,33
2721,544,1296,49,-16,33
2722,544,1296,49,-16,33
2723,544,1296,49,-16,33
2724,544,1296,49,-16,33
2725,544,1296,49,-16,33
2726,545,1296,49,-16,33
2727,545,1296,49,-16,33
2728,545,1296,49,-16,33
2729,545,1296,49,-16,33
2730,545,1296,49,-16,33
2731,546,1296,49,-16,33
2732,546,1296,49,-16,33
2733,546,1296,49,-16,33
2734,546,1296,49,-16,33
2735,546,1296,49,-16,33
2736,547,1296,49,-16,33
2737,547,1296,49,-16,33
2738,547,1296,49,-16,33
2739,547,1296,49,-16,33
2740,547,1296,49,-16,33
2741,548,1296,49,-16,33
2742,548,1296,49,-16,33
2743,548,1296,49,-16,33
2744,548,1296,49,-16,33
2745,548,1301,49,-16,33
2746,549,1301,49,-16,33
2747,549,1301,49,-16,33
2748,549,1301,49,-16,33
2749,549,1301,49,-16,33
2750,549,1301,49,-16,33
2751,550,1301,49,-16,33
2752,550,1301,49,-16,33
2753,550,1301,49,-16,33
2754,550,1301,49,-16,33
2755,550,1301,49,-16,33
2756,551,1301,49,-16,33
2757,551,1301,49,-16,33
2758,551,1301,49,-16,33
2759,551,1301,49,-16,33
2760,551,1301,49,-16,33
2761,552,1301,49,-16,33
2762,552,1301,49,-16,33
2763,552,1301,49,-16,33
2764,552,1301,49,-16,33
2765,552,1301,49,-16,33
2766,553,1301,49,-16,33
2767,553,1301,49,-16,33
2768,553,1301,49,-16,33
2769,553,1301,49,-16,33
2770,553,1301,49,-16,33
2771,554,1301,49,-16,33
2772,554,1301,49,-16,33
2773,554,1301,49,-16,33
2774,554,1301,49,-16,33
2775,554,1306,49,-16,33
2776,555,1311,47,-16,31
2777,555,1311,47,-16,31
2778,555,1311,47,-16,31
2779,555,1311,47,-16,31
2780,555,1311,47,-16,31
2781,556,1311,47,-16,31
2782,556,1311,47,-16,31
2783,556,1311,47,-16,31
2784,556,1311,47,-16,31
2785,556,1311,47,-16,31
2786,557,1311,47,-16,31
2787,557,1311,47,-16,31
2788,557,1311,47,-16,31
2789,557,1311,47,-16,31
2790,557,1311,47,-16,31
2791,558,1311,47,-16,31
2792,558,1311,47,-16,31
2793,558,1311,47,-16,31
2794,558,1311,47,-16,31
2795,558,1311,47,-16,31
2796,559,1311,47,-16,31
2797,559,1311,47,-16,31
2798,559,1311,47,-16,31
2799,559,1311,47,-16,31
2800,559,1311,47,-16,31
2801,560,1311,47,-16,31
2802,560,1311,47,-16,31
2803,560,1311,47,-16,31
2804,560,1311,47,-16,31
2805,560,1311,47,-16,31
2806,561,1311,47,-16,31
2807,561,1311,47,-16,31
2808,561,1311,47,-16,31
2809,561,1311,47,-16,31
2810,561,1311,47,-16,31
2811,562,1311,47,-16,31
2812,562,1311,47,-16,31
2813,562,1311,47,-16,31
2814,562,1311,47,-16,31
2815,562,1311,47,-16,31
2816,563,1311,47,-16,31
2817,563,1311,47,-16,31
2818,563,1311,47,-16,31
2819,563,1311,47,-16,31
2820,563,1311,47,-16,31
2821,564,1311,46,-16,30
2822,564,1311,46,-16,30
2823,564,1311,46,-16,30
2824,564,1311,46,-16,30
2825,564,1316,45,-16,29
2826,564,1316,45,-16,29
2827,564,1316,45,-16,29
2828,564,1316,45,-16,29
2829,564,1316,45,-16,29
2830,565,1316,45,-16,29
2831,565,1316,45,-16,29
2832,565,1316,45,-16,29
2833,565,1321,43,-16,27
2834,565,1321,43,-16,27
2835,566,1321,43,-16,27
2836,566,1321,43,-16,27
2837,566,1321,43,-16,27
2838,566,1321,43,-16,27
2839,566,1321,43,-16,27
2840,567,1321,43,-16,27
2841,567,1321,43,-16,27
2842,567,1321,43,-16,27
2843,567,1321,43,-16,27
2844,567,1321,43,-16,27
2845,568,1321,43,-16,27
2846,568,1321,43,-16,27
2847,568,1321,43,-16,27
2848,568,1321,43,-16,27
2849,568,1321,43,-16,27
2850,569,1321,42,-16,26
2851,569,1321,42,-16,26
2852,569,1321,42,-16,26
2853,569,1321,42,-16,26
2854,569,1321,42,-16,26
2855,569,1321,42,-16,26
2856,569,1321,42,-16,26
2857,569,1321,42,-16,26
2858,569,1321,42,-16,26
2859,569,1321,42,-16,26
2860,569,1321,42,-16,26
2861,569,1321,42,-16,26
2862,569,1321,42,-16,26
2863,569,1321,42,-16,26
2864,569,1321,42,-16,26
2865,569,1321,42,-16,26
2866,569,1321,42,-16,26
2867,569,1321,42,-16,26
2868,569,1321,42,-16,26
2869,569,1321,42,-16,26
2870,569,1326,41,-16,25
2871,569,1326,41,-16,25
2872,569,1326,41,-16,25
2873,569,1326,41,-16,25
2874,569,1326,41,-16,25
2875,570,1326,41,-16,25
2876,570,1326,41,-16,25
2877,570,1326,41,-16,25
2878,570,1326,41,-16,25
2879,570,1326,41,-16,25
2880,571,1331,39,-16,23
2881,571,1331,39,-16,23
2882,571,1331,39,-16,23
2883,571,1331,39,-16,23
2884,571,1331,39,-16,23
2885,572,1331,39,-16,23
2886,572,1331,39,-16,23
2887,572,1331,39,-16,23
2888,572,1331,39,-16,23
2889,572,1331,39,-16,23
2890,573,1331,39,-16,23
2891,573,1331,39,-16,23
2892,573,1331,39,-16,23
2893,573,1331,39,-16,23
2894,573,1331,39,-16,23
2895,574,1331,38,-16,22
2896,574,1331,38,-16,22
2897,574,1331,38,-16,22
2898,574,1331,38,-16,22
2899,574,1331,38,-16,22
2900,574,1331,38,-16,22
2901,574,1331,38,-16,22
2902,574,1331,38,-16,22
2903,574,1331,38,-16,22
2904,574,1331,38,-16,22
2905,574,1331,38,-16,22
2906,574,1331,38,-16,22
2907,574,1331,38,-16,22
2908,574,1331,38,-16,22
2909,574,1331,38,-16,22
2910,574,1331,38,-16,22
2911,574,1331,38,-16,22
2912,574,1331,38,-16,22
2913,574,1331,38,-16,22
2914,574,1331,38,-16,22
2915,574,1331,38,-16,22
2916,574,1331,38,-16,22
2917,574,1331,38,-16,22
2918,574,1331,38,-16,22
2919,574,1331,38,-16,22
2920,574,1336,37,-16,21
2921,574,1336,37,-16,21
2922,574,1336,37,-16,21
2923,574,1336,37,-16,21
2924,574,1336,37,-16,21
2925,575,1336,37,-16,21
2926,575,1336,37,-16,21
2927,575,1336,37,-16,21
2928,575,1336,37,-16,21
2929,575,1336,37,-16,21
2930,576,1341,37,-16,21
2931,576,1341,37,-16,21
2932,576,1341,37,-16,21
2933,576,1346,35,-16,19
2934,576,1351,35,-16,19
2935,577,1351,35,-16,19
2936,577,1351,35,-16,19
2937,577,1351,35,-16,19
2938,577,1351,35,-16,19
2939,577,1356,35,-16,19
2940,578,1356,35,-16,19
2941,578,1356,35,-16,19
2942,578,1356,35,-16,19
2943,578,1356,35,-16,19
2944,578,1356,35,-16,19
2945,579,1356,34,-16,18
2946,579,1356,34,-16,18
2947,579,1356,34,-16,18
2948,579,1356,34,-16,18
2949,579,1356,34,-16,18
2950,579,1356,34,-16,18
2951,579,1356,34,-16,18
2952,579,1356,34,-16,18
2953,579,1356,34,-16,18
2954,579,1356,34,-16,18
2955,579,1356,34,-16,18
2956,579,1356,34,-16,18
2957,579,1356,34,-16,18
2958,579,1356,34,-16,18
2959,579,1361,33,-16,17
2960,579,1361,33,-16,17
2961,579,1361,33,-16,17
2962,579,1361,33,-16,17
2963,579,1361,33,-16,17
2964,580,1361,33,-16,17
2965,580,1366,33,-16,17
2966,580,1366,33,-16,17
2967,580,1366,33,-16,17
2968,580,1366,33,-16,17
2969,581,1366,33,-16,17
2970,581,1366,33,-16,17
2971,581,1366,33,-16,17
2972,581,1371,33,-16,17
2973,581,1371,33,-16,17
2974,582,1371,33,-16,17
2975,582,1371,33,-16,17
2976,582,1371,33,-16,17
2977,582,1371,33,-16,17
2978,582,1371,33,-16,17
2979,583,1376,31,-16,15
2980,583,1376,31,-16,15
2981,583,1376,31,-16,15
2982,583,1376,31,-16,15
2983,583,1376,31,-16,15
2984,584,1376,30,-16,14
2985,584,1376,30,-16,14
2986,584,1376,30,-16,14
2987,584,1376,30,-16,14
2988,584,1376,30,-16,14
2989,584,1376,30,-16,14
2990,584,1376,30,-16,14
2991,584,1376,30,-16,14
2992,584,1376,30,-16,14
2993,584,1376,30,-16,14
2994,584,1376,30,-16,14
2995,584,1376,30,-16,14
2996,584,1376,30,-16,14
2997,584,1376,30,-16,14
2998,584,1376,30,-16,14
2999,584,1376,30,-16,14
3000,584,1376,30,-16,14
3001,584,1376,30,-16,14
3002,584,1376,30,-16,14
3003,584,1376,30,-16,14
3004,584,1376,30,-16,14
3005,584,1376,30,-16,14
3006,584,1376,30,-16,14
3007,584,1376,30,-16,14
3008,584,1376,30,-16,14
3009,584,1376,30,-16,14
3010,584,1381,29,-16,13
3011,584,1381,29,-16,13
3012,584,1381,29,-16,13
3013,584,1381,29,-16,13
3014,584,1381,29,-16,13
3015,585,1381,29,-16,13
3016,585,1381,29,-16,13
3017,585,1381,29,-16,13
3018,585,1381,29,-16,13
3019,585,1381,29,-16,13
3020,586,1381,29,-16,13
3021,586,1381,29,-16,13
3022,586,1381,29,-16,13
3023,586,1381,29,-16,13
3024,586,1381,29,-16,13
3025,587,1381,29,-16,13
3026,587,1381,29,-16,13
3027,587,1381,29,-16,13
3028,587,1381,29,-16,13
3029,587,1381,29,-16,13
3030,588,1381,29,-16,13
3031,588,1381,29,-16,13
3032,588,1381,29,-16,13
3033,588,1381,29,-16,13
3034,588,1381,29,-16,13
3035,589,1381,28,-16,12
3036,589,1381,28,-16,12
3037,589,1381,28,-16,12
3038,589,1386,26,-16,10
3039,589,1386,26,-16,10
3040,589,1386,26,-16,10
3041,589,1386,26,-16,10
3042,589,1386,26,-16,10
3043,589,1386,26,-16,10
3044,589,1386,26,-16,10
3045,589,1386,26,-16,10
3046,589,1386,26,-16,10
3047,589,1386,26,-16,10
3048,589,1386,26,-16,10
3049,589,1386,26,-16,10
3050,589,1386,26,-16,10
3051,589,1386,26,-16,10
3052,589,1386,26,-16,10
3053,589,1386,26,-16,10
3054,589,1386,26,-16,10
3055,589,1386,26,-16,10
3056,589,1386,26,-16,10
3057,589,1386,26,-16,10
3058,589,1386,26,-16,10
3059,589,1386,26,-16,10
3060,589,1386,26,-16,10
3061,589,1386,26,-16,10
3062,589,1386,26,-16,10
3063,589,1386,26,-16,10
3064,589,1386,26,-16,10
3065,589,1386,26,-16,10
3066,589,1386,26,-16,10
3067,589,1386,26,-16,10
3068,589,1386,26,-16,10
3069,589,1386,26,-16,10
3070,589,1386,26,-16,10
3071,589,1386,26,-16,10
3072,589,1386,26,-16,10
3073,589,1386,26,-16,10
3074,589,1386,26,-16,10
3075,589,1386,26,-16,10
3076,589,1386,26,-16,10
3077,589,1386,26,-16,10
3078,589,1386,26,-16,10
3079,589,1386,26,-16,10
3080,589,1386,26,-16,10
3081,589,1386,26,-16,10
3082,589,1386,26,-16,10
3083,589,1386,26,-16,10
3084,589,1386,26,-16,10
3085,589,1386,26,-16,10
3086,589,1386,26,-16,10
3087,589,1386,26,-16,10
3088,589,1386,26,-16,10
3089,589,1386,26,-16,10
3090,589,1386,26,-16,10
3091,589,1386,26,-16,10
3092,589,1386,26,-16,10
3093,589,1386,26,-16,10
3094,589,1386,26,-16,10
3095,589,1386,26,-16,10
3096,589,1386,26,-16,10
3097,589,1386,26,-16,10
3098,589,1386,26,-16,10
3099,589,1386,26,-16,10
3100,589,1386,26,-16,10
3101,589,1386,26,-16,10
3102,589,1386,26,-16,10
3103,589,1386,26,-16,10
3104,589,1386,26,-16,10
3105,589,1386,26,-16,10
3106,589,1386,26,-16,10
3107,589,1386,26,-16,10
3108,589,1386,26,-16,10
3109,589,1386,26,-16,10
3110,589,1386,26,-16,10
3111,589,1386,26,-16,10
3112,589,1386,26,-16,10
3113,589,1386,26,-16,10
3114,589,1386,26,-16,10
3115,589,1386,26,-16,10
3116,589,1386,26,-16,10
3117,589,1386,26,-16,10
3118,589,1386,26,-16,10
3119,589,1386,26,-16,10
3120,589,1386,26,-16,10
3121,589,1386,26,-16,10
3122,589,1386,26,-16,10
3123,589,1386,26,-16,10
3124,589,1386,26,-16,10
3125,589,1386,26,-16,10
3126,589,1386,26,-16,10
3127,589,1386,26,-16,10
3128,589,1386,26,-16,10
3129,589,1386,26,-16,10
3130,589,1386,26,-16,10
3131,589,1386,26,-16,10
3132,589,1386,26,-16,10
3133,589,1386,26,-16,10
3134,589,1386,26,-16,10
3135,589,1386,26,-16,10
3136,589,1386,26,-16,10
3137,589,1386,26,-16,10
3138,589,1386,26,-16,10
3139,589,1386,26,-16,10
3140,589,1386,26,-16,10
3141,589,1386,26,-16,10
3142,589,1386,26,-16,10
3143,589,1386,26,-16,10
3144,589,1386,26,-16,10
3145,589,1386,26,-16,10
3146,589,1386,26,-16,10
3147,589,1386,26,-16,10
3148,589,1386,26,-16,10
3149,589,1386,26,-16,10
3150,589,1386,26,-16,10
3151,589,1386,26,-16,10
3152,589,1386,26,-16,10
3153,589,1386,26,-16,10
3154,589,1386,26,-16,10
3155,589,1386,26,-16,10
3156,589,1386,26,-16,10
3157,589,1386,26,-16,10
3158,589,1386,26,-16,10
3159,589,1386,26,-16,10
3160,589,1386,26,-16,10
3161,589,1386,26,-16,10
3162,589,1386,26,-16,10
3163,589,1386,26,-16,10
3164,589,1386,26,-16,10
3165,589,1386,26,-16,10
3166,589,1386,26,-16,10
3167,589,1386,26,-16,10
3168,589,1386,26,-16,10
3169,589,1386,26,-16,10
3170,589,1386,26,-16,10
3171,589,1386,26,-16,10
3172,589,1386,26,-16,10
3173,589,1386,26,-16,10
3174,589,1386,26,-16,10
3175,589,1386,26,-16,10
3176,589,1386,26,-16,10
3177,589,1386,26,-16,10
3178,589,1386,26,-16,10
3179,589,1386,26,-16,10
3180,589,1386,26,-16,10
3181,589,1386,26,-16,10
3182,589,1386,26,-16,10
3183,589,1386,26,-16,10
3184,589,1386,26,-16,10
3185,589,1386,26,-16,10
3186,589,1386,26,-16,10
3187,589,1386,26,-16,10
3188,589,1386,26,-16,10
3189,589,1386,26,-16,10
3190,589,1386,26,-16,10
3191,589,1386,26,-16,10
3192,589,1386,26,-16,10
3193,589,1386,26,-16,10
3194,589,1386,26,-16,10
3195,589,1391,24,-16,8
3196,589,1391,24,-16,8
3197,589,1396,22,-16,6
3198,589,1396,22,-16,6
3199,589,1396,22,-16,6
3200,589,1396,22,-16,6
3201,589,1396,22,-16,6
3202,589,1396,22,-16,6
3203,589,1396,22,-16,6
3204,589,1401,20,-16,4
3205,589,1401,20,-16,4
3206,589,1401,20,-16,4
3207,589,1401,20,-16,4
3208,589,1401,20,-16,4
3209,589,1401,20,-16,4
3210,589,1401,20,-16,4
3211,589,1401,20,-16,4
3212,589,1401,20,-16,4
3213,589,1401,20,-16,4
3214,589,1401,20,-16,4
3215,589,1401,20,-16,4
3216,589,1401,20,-16,4
3217,589,1401,20,-16,4
3218,589,1401,20,-16,4
3219,589,1401,20,-16,4
3220,589,1401,20,-16,4
3221,589,1401,20,-16,4
3222,589,1401,20,-16,4
3223,589,1401,20,-16,4
3224,589,1401,20,-16,4
3225,589,1401,20,-16,4
3226,589,1401,20,-16,4
3227,589,1401,20,-16,4
3228,589,1406,18,-16,2
3229,589,1406,18,-16,2
3230,589,1406,18,-16,2
3231,589,1406,18,-16,2
3232,589,1406,18,-16,2
3233,589,1406,18,-16,2
3234,589,1406,18,-16,2
3234,589,1411,18,-16,-16
