Time(s),Downloaded chunks
0,0
1,0
2,0
3,0
4,0
5,0
6,1
7,1
8,1
9,1
10,1
11,2
12,2
13,2
14,2
15,2
16,3
17,3
18,3
19,3
20,3
21,4
22,4
23,4
24,5
25,5
26,6
27,6
28,7
29,7
30,7
31,8
32,8
33,8
34,8
35,8
36,10
37,10
38,10
39,11
40,11
41,13
42,13
43,14
44,15
45,16
46,17
47,17
48,18
49,18
50,18
51,20
52,20
53,21
54,22
55,22
56,24
57,25
58,25
59,26
60,28
61,30
62,31
63,32
64,33
65,34
66,35
67,37
68,37
69,37
70,39
71,41
72,41
73,42
74,43
75,43
76,46
77,49
78,49
79,50
80,55
81,57
82,61
83,64
84,64
85,66
86,70
87,70
88,70
89,70
90,73
91,74
92,74
93,74
94,74
95,74
96,76
97,77
98,77
99,81
100,84
101,90
102,92
103,92
104,95
105,95
106,98
107,98
108,98
109,98
110,98
111,99
112,99
113,99
114,99
115,99
116,105
117,107
118,107
119,107
120,107
121,108
122,108
123,112
124,112
125,112
126,118
127,118
128,118
129,119
130,123
131,134
132,138
133,138
134,141
135,141
136,142
137,142
138,142
139,145
140,146
141,150
142,156
143,159
144,159
145,159
146,165
147,165
148,165
149,168
150,168
151,169
152,170
153,171
154,171
155,171
156,176
157,183
158,183
159,185
160,185
161,190
162,192
163,192
164,193
165,193
166,194
167,195
168,196
169,196
170,198
171,201
172,204
173,205
174,206
175,207
176,208
177,212
178,212
179,212
180,218
181,219
182,229
183,236
184,241
185,244
186,245
187,245
188,245
189,246
190,246
191,248
192,249
193,250
194,250
195,253
196,253
197,253
198,253
199,266
200,268
201,271
202,271
203,274
204,274
205,274
206,275
207,275
208,275
209,275
210,275
211,277
212,277
213,278
214,281
215,283
216,283
217,283
218,283
219,283
220,283
221,283
222,283
223,283
224,283
225,283
226,290
227,290
228,290
229,290
230,290
231,290
232,292
233,295
234,295
235,295
236,299
237,299
238,308
239,308
240,308
241,318
242,318
243,318
244,318
245,318
246,319
247,319
248,319
249,319
250,319
251,320
252,320
253,320
254,320
255,320
256,321
257,321
258,321
259,321
260,326
261,327
262,327
263,337
264,337
265,337
266,338
267,338
268,338
269,343
270,343
271,344
272,344
273,344
274,349
275,349
276,350
277,355
278,355
279,355
280,355
281,366
282,366
283,366
284,366
285,366
286,367
287,367
288,367
289,372
290,372
291,373
292,378
293,378
294,378
295,378
296,379
297,387
298,392
299,392
300,392
301,398
302,403
303,403
304,403
305,403
306,404
307,404
308,404
309,404
310,404
311,405
312,405
313,405
314,405
315,405
316,406
317,406
318,406
319,406
320,406
321,406
322,406
323,406
324,406
325,411
326,411
327,411
328,421
329,421
330,421
331,421
332,421
333,426
334,426
335,426
336,426
337,426
338,426
339,426
340,431
341,431
342,436
343,436
344,436
345,436
346,439
347,444
348,449
349,449
350,449
351,449
352,449
353,454
354,454
355,454
356,454
357,459
358,459
359,459
360,469
361,469
362,469
363,474
364,474
365,474
366,489
367,489
368,494
369,494
370,494
371,494
372,494
373,494
374,494
375,494
376,494
377,494
378,494
379,494
380,494
381,494
382,494
383,494
384,494
385,494
386,494
387,494
388,494
389,494
390,494
391,494
392,499
393,499
394,499
395,509
396,509
397,509
398,514
399,514
400,514
401,514
402,514
403,514
404,519
405,519
406,519
407,524
408,524
409,529
410,529
411,534
412,539
413,539
414,539
415,539
416,549
417,549
418,549
419,554
420,554
421,559
422,559
423,564
424,564
425,569
426,569
427,574
428,574
429,574
430,574
431,574
432,579
433,584
434,584
435,584
436,584
437,584
438,584
439,584
440,584
441,584
442,584
443,584
444,584
445,584
446,584
447,584
448,584
449,584
450,584
451,584
452,584
453,584
454,584
455,584
456,584
457,584
458,589
459,594
460,594
461,599
462,604
463,604
464,604
465,604
466,614
467,619
468,619
469,619
470,624
471,625
472,625
473,630
474,630
475,630
476,636
477,636
478,641
479,641
480,641
481,642
482,642
483,642
484,642
485,647
486,653
487,653
488,653
489,663
490,663
491,669
492,669
493,669
494,669
495,669
496,670
497,680
498,680
499,680
500,680
501,681
502,681
503,681
504,681
505,681
506,682
507,682
508,682
509,682
510,682
511,683
512,683
513,683
514,683
515,683
516,684
517,684
518,684
519,684
520,684
521,685
522,690
523,695
524,695
525,695
526,696
527,696
528,701
529,706
530,706
531,707
532,707
533,707
534,712
535,712
536,718
537,718
538,723
539,728
540,728
541,729
542,734
543,734
544,734
545,734
546,735
547,735
548,735
549,735
550,740
551,741
552,751
553,751
554,756
555,756
556,757
557,757
558,757
559,762
560,762
561,768
562,773
563,773
564,773
565,773
566,774
567,774
568,774
569,774
570,774
571,775
572,775
573,775
574,775
575,775
576,776
577,776
578,776
579,776
580,776
581,777
582,777
583,777
584,777
585,777
586,778
587,783
588,788
589,788
590,788
591,794
592,794
593,799
594,799
595,799
596,800
597,800
598,800
599,805
600,810
601,816
602,816
603,821
604,821
605,821
606,827
607,827
608,827
609,827
610,827
611,828
612,828
613,828
614,828
615,833
616,839
617,839
618,849
619,849
620,849
621,850
622,850
623,855
624,855
625,855
626,856
627,856
628,856
629,856
630,856
631,857
632,857
633,857
634,857
635,857
636,858
637,858
638,858
639,858
640,858
641,859
642,859
643,859
644,859
645,859
646,860
647,860
648,860
649,860
650,860
651,861
652,866
653,866
654,866
655,866
656,867
657,867
658,867
659,867
660,867
661,868
662,868
663,868
664,868
665,868
666,869
667,869
668,869
669,869
670,869
671,870
672,870
673,870
674,870
675,870
676,871
677,871
678,871
679,871
680,871
681,872
682,872
683,872
684,872
685,872
686,873
687,873
688,873
689,873
690,873
691,874
692,874
693,874
694,874
695,874
696,875
697,875
698,875
699,875
700,875
701,876
702,876
703,876
704,876
705,876
706,877
707,877
708,877
709,877
710,877
711,878
712,878
713,878
714,878
715,878
716,879
717,879
718,879
719,879
720,879
721,880
722,880
723,880
724,880
725,880
726,881
727,881
728,881
729,881
730,881
731,882
732,882
733,882
734,882
735,882
736,883
737,883
738,883
739,883
740,883
741,884
742,884
743,884
744,884
745,884
746,885
747,885
748,885
749,885
750,885
751,886
752,886
753,886
754,886
755,886
756,887
757,887
758,887
759,887
760,887
761,888
762,888
763,888
764,888
765,888
766,889
767,889
768,889
769,889
770,889
771,890
772,890
773,890
774,890
775,890
776,891
777,891
778,891
779,891
780,891
781,892
782,892
783,892
784,892
785,892
786,893
787,893
788,893
789,893
790,893
791,894
792,894
793,894
794,894
795,894
796,895
797,895
798,895
799,895
800,895
801,896
802,896
803,896
804,896
805,896
806,897
807,897
808,897
809,897
810,897
811,898
812,898
813,898
814,898
815,898
816,899
817,899
818,899
819,899
820,899
821,900
822,900
823,905
824,905
825,910
826,911
827,911
828,911
829,911
830,911
831,912
832,912
833,912
834,912
835,912
836,913
837,913
838,913
839,913
840,913
841,914
842,914
843,914
844,914
845,914
846,915
847,915
848,915
849,915
850,915
851,916
852,916
853,921
854,921
855,926
856,927
857,932
858,932
859,932
860,932
861,933
862,933
863,933
864,933
865,933
866,934
867,934
868,934
869,934
870,934
871,935
872,935
873,935
874,935
875,935
876,936
877,936
878,936
879,936
880,936
881,937
882,937
883,937
884,937
885,937
886,938
887,943
888,943
889,943
890,943
891,944
892,944
893,944
894,944
895,944
896,945
897,945
898,945
899,945
900,945
901,946
902,946
903,946
904,946
905,946
906,947
907,947
908,947
909,947
910,947
911,948
912,948
913,948
914,948
915,948
916,949
917,949
918,949
919,949
920,949
921,950
922,950
923,950
924,950
925,950
926,951
927,951
928,951
929,951
930,951
931,952
932,952
933,952
934,952
935,957
936,958
937,958
938,958
939,958
940,958
941,959
942,959
943,959
944,959
945,959
946,960
947,960
948,960
949,960
950,960
951,961
952,961
953,961
954,961
955,961
956,962
957,962
958,962
959,962
960,962
961,963
962,963
963,963
964,963
965,963
966,964
967,964
968,964
969,964
970,964
971,965
972,965
973,965
974,965
975,965
976,966
977,966
978,966
979,966
980,966
981,967
982,967
983,967
984,967
985,972
986,973
987,973
988,973
989,973
990,973
991,974
992,974
993,974
994,974
995,974
996,975
997,975
998,975
999,975
1000,975
1001,976
1002,976
1003,976
1004,976
1005,976
1006,977
1007,977
1008,977
1009,977
1010,977
1011,978
1012,978
1013,978
1014,978
1015,978
1016,979
1017,979
1018,979
1019,979
1020,979
1021,980
1022,980
1023,980
1024,980
1025,980
1026,981
1027,981
1028,981
1029,981
1030,981
1031,982
1032,982
1033,982
1034,987
1035,987
1036,988
1037,988
1038,988
1039,988
1040,988
1041,989
1042,989
1043,989
1044,989
1045,989
1046,990
1047,990
1048,990
1049,990
1050,990
1051,991
1052,991
1053,991
1054,991
1055,991
1056,992
1057,992
1058,992
1059,992
1060,992
1061,993
1062,993
1063,993
1064,993
1065,993
1066,994
1067,994
1068,994
1069,994
1070,994
1071,995
1072,995
1073,995
1074,995
1075,995
1076,996
1077,996
1078,996
1079,996
1080,996
1081,997
1082,997
1083,1002
1084,1002
1085,1002
1086,1003
1087,1013
1088,1013
1089,1013
1090,1013
1091,1014
1092,1014
1093,1014
1094,1014
1095,1014
1096,1015
1097,1015
1098,1015
1099,1015
1100,1015
1101,1016
1102,1016
1103,1016
1104,1016
1105,1016
1106,1017
1107,1017
1108,1017
1109,1017
1110,1017
1111,1018
1112,1018
1113,1018
1114,1018
1115,1018
1116,1019
1117,1024
1118,1024
1119,1029
1120,1034
1121,1035
1122,1035
1123,1035
1124,1035
1125,1035
1126,1036
1127,1036
1128,1036
1129,1036
1130,1036
1131,1037
1132,1037
1133,1037
1134,1042
1135,1042
1136,1043
1137,1043
1138,1043
1139,1043
1140,1043
1141,1044
1142,1044
1143,1044
1144,1044
1145,1044
1146,1045
1147,1045
1148,1045
1149,1045
1150,1045
1151,1046
1152,1051
1153,1051
1154,1051
1155,1051
1156,1052
1157,1052
1158,1052
1159,1052
1160,1052
1161,1053
1162,1053
1163,1053
1164,1053
1165,1053
1166,1054
1167,1054
1168,1054
1169,1054
1170,1054
1171,1055
1172,1055
1173,1055
1174,1055
1175,1055
1176,1056
1177,1056
1178,1056
1179,1056
1180,1056
1181,1057
1182,1057
1183,1057
1184,1057
1185,1057
1186,1058
1187,1058
1188,1063
1189,1063
1190,1063
1191,1064
1192,1064
1193,1064
1194,1064
1195,1064
1196,1065
1197,1065
1198,1070
1199,1070
1200,1070
1201,1071
1202,1071
1203,1071
1204,1071
1205,1071
1206,1072
1207,1072
1208,1072
1209,1072
1210,1072
1211,1073
1212,1073
1213,1073
1214,1073
1215,1073
1216,1074
1217,1074
1218,1074
1219,1074
1220,1074
1221,1075
1222,1075
1223,1075
1224,1075
1225,1075
1226,1076
1227,1076
1228,1076
1229,1076
1230,1076
1231,1077
1232,1077
1233,1077
1234,1077
1235,1077
1236,1083
1237,1083
1238,1083
1239,1083
1240,1083
1241,1084
1242,1084
1243,1084
1244,1084
1245,1084
1246,1085
1247,1085
1248,1085
1249,1085
1250,1090
1251,1091
1252,1091
1253,1091
1254,1091
1255,1091
1256,1092
1257,1092
1258,1092
1259,1092
1260,1092
1261,1093
1262,1093
1263,1093
1264,1093
1265,1093
1266,1094
1267,1094
1268,1094
1269,1094
1270,1094
1271,1095
1272,1095
1273,1095
1274,1095
1275,1095
1276,1096
1277,1096
1278,1096
1279,1096
1280,1096
1281,1097
1282,1097
1283,1097
1284,1097
1285,1102
1286,1103
1287,1103
1288,1103
1289,1103
1290,1103
1291,1104
1292,1104
1293,1104
1294,1104
1295,1104
1296,1105
1297,1105
1298,1110
1299,1110
1300,1110
1301,1111
1302,1111
1303,1111
1304,1111
1305,1111
1306,1112
1307,1112
1308,1112
1309,1112
1310,1112
1311,1113
1312,1113
1313,1113
1314,1113
1315,1113
1316,1114
1317,1114
1318,1114
1319,1114
1320,1114
1321,1115
1322,1115
1323,1115
1324,1115
1325,1115
1326,1116
1327,1116
1328,1116
1329,1116
1330,1116
1331,1117
1332,1117
1333,1117
1334,1117
1335,1122
1336,1123
1337,1123
1338,1123
1339,1123
1340,1123
1341,1124
1342,1124
1343,1124
1344,1124
1345,1124
1346,1125
1347,1125
1348,1130
1349,1135
1350,1135
1351,1141
1352,1146
1353,1146
1354,1146
1355,1146
1356,1147
1357,1147
1358,1147
1359,1147
1360,1147
1361,1148
1362,1148
1363,1148
1364,1148
1365,1148
1366,1149
1367,1149
1368,1149
1369,1149
1370,1149
1371,1150
1372,1150
1373,1150
1374,1150
1375,1150
1376,1151
1377,1151
1378,1151
1379,1151
1380,1151
1381,1157
1382,1157
1383,1162
1384,1167
1385,1167
1386,1168
1387,1168
1388,1168
1389,1168
1390,1168
1391,1169
1392,1169
1393,1169
1394,1169
1395,1169
1396,1170
1397,1170
1398,1175
1399,1175
1400,1175
1401,1176
1402,1176
1403,1176
1404,1176
1405,1176
1406,1177
1407,1177
1408,1177
1409,1177
1410,1177
1411,1178
1412,1178
1413,1178
1414,1178
1415,1178
1416,1179
1417,1184
1418,1184
1419,1184
1420,1184
1421,1185
1422,1185
1423,1185
1424,1185
1425,1185
1426,1186
1427,1186
1428,1186
1429,1186
1430,1186
1431,1187
1432,1187
1433,1187
1434,1187
1435,1187
1436,1188
1437,1188
1438,1188
1439,1188
1440,1188
1441,1189
1442,1189
1443,1189
1444,1189
1445,1189
1446,1190
1447,1190
1448,1190
1449,1190
1450,1190
1451,1191
1452,1191
1453,1196
1454,1196
1455,1196
1456,1197
1457,1197
1458,1197
1459,1197
1460,1202
1461,1203
1462,1203
1463,1203
1464,1203
1465,1203
1466,1204
1467,1204
1468,1204
1469,1204
1470,1204
1471,1205
1472,1205
1473,1205
1474,1205
1475,1205
1476,1206
1477,1206
1478,1206
1479,1206
1480,1206
1481,1207
1482,1207
1483,1207
1484,1207
1485,1207
1486,1208
1487,1208
1488,1208
1489,1208
1490,1208
1491,1209
1492,1209
1493,1209
1494,1209
1495,1209
1496,1210
1497,1210
1498,1210
1499,1210
1500,1210
1501,1211
1502,1216
1503,1216
1504,1216
1505,1216
1506,1217
1507,1217
1508,1217
1509,1217
1510,1217
1511,1218
1512,1223
1513,1223
1514,1223
1515,1223
1516,1224
1517,1224
1518,1224
1519,1224
1520,1224
1521,1225
1522,1225
1523,1225
1524,1225
1525,1225
1526,1226
1527,1226
1528,1226
1529,1226
1530,1226
1531,1227
1532,1227
1533,1227
1534,1227
1535,1227
1536,1228
1537,1228
1538,1228
1539,1228
1540,1228
1541,1229
1542,1229
1543,1229
1544,1229
1545,1229
1546,1230
1547,1230
1548,1230
1549,1235
1550,1235
1551,1236
1552,1236
1553,1236
1554,1236
1555,1236
1556,1237
1557,1237
1558,1237
1559,1237
1560,1237
1561,1238
1562,1238
1563,1238
1564,1243
1565,1243
1566,1244
1567,1244
1568,1244
1569,1244
1570,1244
1571,1245
1572,1245
1573,1245
1574,1245
1575,1245
1576,1246
1577,1246
1578,1246
1579,1246
1580,1246
1581,1247
1582,1247
1583,1247
1584,1247
1585,1247
1586,1248
1587,1248
1588,1248
1589,1248
1590,1248
1591,1249
1592,1249
1593,1249
1594,1249
1595,1249
1596,1250
1597,1250
1598,1250
1599,1255
1600,1255
1601,1256
1602,1256
1603,1256
1604,1256
1605,1256
1606,1257
1607,1257
1608,1257
1609,1257
1610,1257
1611,1258
1612,1258
1613,1273
1614,1273
1615,1273
1616,1274
1617,1274
1618,1279
1619,1279
1620,1279
1621,1280
1622,1280
1623,1280
1624,1280
1625,1280
1626,1281
1627,1281
1628,1281
1629,1281
1630,1281
1631,1282
1632,1282
1633,1282
1634,1282
1635,1282
1636,1283
1637,1283
1638,1283
1639,1283
1640,1283
1641,1284
1642,1284
1643,1284
1644,1284
1645,1289
1646,1295
1647,1295
1648,1295
1649,1295
1650,1300
1651,1301
1652,1301
1653,1301
1654,1301
1655,1301
1656,1302
1657,1302
1658,1302
1659,1302
1660,1307
1661,1308
1662,1308
1663,1308
1664,1308
1665,1308
1666,1309
1667,1309
1668,1309
1669,1309
1670,1309
1671,1310
1672,1310
1673,1310
1674,1310
1675,1310
1676,1311
1677,1311
1678,1311
1679,1311
1680,1311
1681,1317
1682,1317
1683,1317
1684,1317
1685,1317
1686,1318
1687,1318
1688,1318
1689,1318
1690,1318
1691,1319
1692,1319
1693,1319
1694,1319
1695,1319
1696,1320
1697,1320
1698,1320
1699,1320
1700,1320
1701,1321
1702,1321
1703,1321
1704,1321
1705,1321
1706,1322
1707,1322
1708,1322
1709,1322
1710,1322
1711,1323
1712,1323
1713,1323
1714,1323
1715,1323
1716,1324
1717,1324
1718,1329
1719,1329
1720,1329
1721,1330
1722,1335
1723,1335
1724,1335
1725,1335
1726,1336
1727,1336
1728,1336
1729,1336
1730,1336
1731,1337
1732,1337
1733,1337
1734,1337
1735,1337
1736,1338
1737,1338
1738,1338
1739,1338
1740,1338
1741,1339
1742,1339
1743,1339
1744,1339
1745,1339
1746,1340
1747,1340
1748,1340
1749,1340
1750,1340
1751,1341
1752,1341
1753,1341
1754,1341
1755,1341
1756,1342
1757,1342
1758,1342
1759,1342
1760,1342
1761,1343
1762,1343
1763,1343
1764,1343
1765,1343
1766,1344
1767,1344
1768,1349
1769,1349
1770,1349
1771,1350
1772,1350
1773,1350
1774,1350
1775,1350
1776,1356
1777,1356
1778,1356
1779,1356
1780,1356
1781,1357
1782,1357
1783,1357
1784,1357
1785,1357
1786,1358
1787,1358
1788,1358
1789,1358
1790,1358
1791,1359
1792,1359
1793,1359
1794,1359
1795,1359
1796,1360
1797,1360
1798,1360
1799,1360
1800,1360
1801,1361
1802,1361
1803,1361
1804,1361
1805,1361
1806,1362
1807,1362
1808,1362
1809,1362
1810,1362
1811,1363
1812,1363
1813,1368
1814,1368
1815,1368
1816,1369
1817,1369
1818,1369
1819,1369
1820,1369
1821,1370
1822,1370
1823,1370
1824,1370
1825,1370
1826,1376
1827,1376
1828,1376
1829,1376
1830,1376
1831,1377
1832,1377
1833,1377
1834,1377
1835,1377
1836,1378
1837,1378
1838,1378
1839,1378
1840,1378
1841,1379
1842,1379
1843,1379
1844,1379
1845,1379
1846,1380
1847,1380
1848,1380
1849,1380
1850,1380
1851,1381
1852,1381
1853,1381
1854,1381
1855,1381
1856,1382
1857,1382
1858,1382
1859,1382
1860,1382
1861,1383
1862,1383
1863,1388
1864,1388
1865,1388
1866,1389
1867,1389
1868,1389
1869,1389
1870,1389
1871,1390
1872,1390
1873,1390
1874,1390
1875,1390
1876,1401
1877,1401
1878,1406
1879,1406
1880,1406
1881,1407
1882,1412
1883,1412
1884,1412
1885,1412
1886,1413
1887,1413
1888,1413
1889,1413
1890,1413
1891,1414
1892,1414
1893,1414
1894,1414
1895,1414
1896,1415
1897,1415
1898,1415
1899,1415
1900,1415
1901,1416
1902,1416
1903,1416
1904,1416
1905,1416
1906,1417
1907,1417
1908,1417
1909,1417
1910,1422
1911,1428
1912,1428
1913,1428
1914,1428
1915,1428
1916,1429
1917,1429
1918,1434
1919,1434
1920,1434
1921,1435
1922,1435
1923,1435
1924,1440
1925,1440
1926,1441
1927,1441
1928,1441
1929,1441
1930,1441
1931,1442
1932,1442
1933,1442
1934,1442
1935,1442
1936,1443
1937,1443
1938,1443
1939,1443
1940,1443
1941,1444
1942,1444
1943,1444
1944,1444
1945,1444
1946,1445
1947,1450
1948,1450
1949,1450
1950,1450
1951,1451
1952,1451
1953,1451
1954,1451
1955,1451
1956,1452
1957,1452
1958,1452
1959,1452
1960,1452
1961,1453
1962,1453
1963,1453
1964,1453
1965,1453
1966,1454
1967,1454
1968,1454
1969,1454
1970,1454
1971,1455
1972,1455
1973,1455
1974,1455
1975,1455
1976,1456
1977,1456
1978,1456
1979,1456
1980,1456
1981,1457
1982,1457
1983,1457
1984,1462
1985,1462
1986,1468
1987,1468
1988,1468
1989,1468
1990,1468
1991,1469
1992,1469
1993,1469
1994,1469
1995,1469
1996,1470
1997,1470
1998,1470
1999,1470
2000,1470
2001,1471
2002,1471
2003,1471
2004,1471
2005,1471
2006,1472
2007,1472
2008,1472
2009,1472
2010,1472
2011,1473
2012,1473
2013,1473
2014,1473
2015,1473
2016,1474
2017,1474
2018,1474
2019,1474
2020,1474
2021,1475
2022,1475
2023,1475
2024,1475
2025,1475
2026,1476
2027,1476
2028,1476
2029,1476
2030,1476
2031,1482
2032,1482
2033,1482
2034,1482
2035,1482
2036,1483
2037,1483
2038,1483
2039,1483
2040,1483
2041,1489
2042,1489
2043,1489
2044,1489
2045,1489
2046,1490
2047,1490
2048,1490
2049,1490
2050,1490
2051,1491
2052,1491
2053,1491
2054,1491
2055,1491
2056,1492
2057,1492
2058,1492
2059,1492
2060,1492
2061,1493
2062,1493
2063,1493
2064,1493
2065,1493
2066,1494
2067,1494
2068,1494
2069,1494
2070,1494
2071,1495
2072,1495
2073,1495
2074,1495
2075,1495
2076,1501
2077,1501
2078,1501
2079,1501
2080,1501
2081,1502
2082,1502
2083,1502
2084,1502
2085,1502
2086,1503
2087,1503
2088,1508
2089,1508
2090,1508
2091,1509
2092,1509
2093,1509
2094,1509
2095,1509
2096,1510
2097,1510
2098,1510
2099,1510
2100,1510
2101,1511
2102,1511
2103,1511
2104,1511
2105,1511
2106,1512
2107,1512
2108,1512
2109,1512
2110,1512
2111,1513
2112,1513
2113,1513
2114,1513
2115,1513
2116,1514
2117,1514
2118,1514
2119,1514
2120,1514
2121,1515
2122,1515
2123,1515
2124,1515
2125,1515
2126,1516
2127,1516
2128,1516
2129,1516
2130,1521
2131,1522
2132,1522
2133,1522
2134,1522
2135,1522
2136,1523
2137,1523
2138,1523
2139,1528
2140,1528
2141,1529
2142,1529
2143,1539
2144,1544
2145,1544
2146,1545
2147,1545
2148,1545
2149,1545
2150,1545
2151,1546
2152,1546
2153,1546
2154,1546
2155,1546
2156,1547
2157,1547
2158,1547
2159,1547
2160,1547
2161,1548
2162,1548
2163,1548
2164,1548
2165,1548
2166,1549
2167,1549
2168,1549
2169,1549
2170,1549
2171,1550
2172,1555
2173,1555
2174,1560
2175,1560
2176,1561
2177,1561
2178,1561
2179,1561
2180,1561
2181,1562
2182,1562
2183,1567
2184,1567
2185,1567
2186,1568
2187,1568
2188,1568
2189,1573
2190,1573
2191,1574
2192,1574
2193,1574
2194,1574
2195,1574
2196,1575
2197,1575
2198,1575
2199,1575
2200,1575
2201,1576
2202,1576
2203,1576
2204,1576
2205,1576
2206,1577
2207,1577
2208,1577
2209,1577
2210,1577
2211,1578
2212,1583
2213,1583
2214,1583
2215,1583
2216,1584
2217,1584
2218,1584
2219,1584
2220,1584
2221,1585
2222,1585
2223,1585
2224,1585
2225,1585
2226,1586
2227,1586
2228,1586
2229,1586
2230,1586
2231,1587
2232,1587
2233,1587
2234,1587
2235,1587
2236,1588
2237,1588
2238,1588
2239,1588
2240,1588
2241,1589
2242,1589
2243,1589
2244,1589
2245,1589
2246,1590
2247,1590
2248,1590
2249,1595
2250,1595
2251,1601
2252,1601
2253,1601
2254,1601
2255,1601
2256,1602
2257,1602
2258,1602
2259,1602
2260,1602
2261,1603
2262,1603
2263,1603
2264,1603
2265,1603
2266,1604
2267,1604
2268,1604
2269,1604
2270,1604
2271,1605
2272,1605
2273,1605
2274,1605
2275,1605
2276,1606
2277,1606
2278,1606
2279,1606
2280,1606
2281,1607
2282,1607
2283,1607
2284,1607
2285,1607
2286,1608
2287,1608
2288,1608
2289,1608
2290,1608
2291,1609
2292,1609
2293,1609
2294,1609
2295,1614
2296,1615
2297,1615
2298,1615
2299,1615
2300,1615
2301,1616
2302,1616
2303,1616
2304,1616
2305,1616
2306,1622
2307,1622
2308,1622
2309,1622
2310,1622
2311,1623
2312,1623
2313,1623
2314,1623
2315,1623
2316,1624
2317,1624
2318,1624
2319,1624
2320,1624
2321,1625
2322,1625
2323,1625
2324,1625
2325,1625
2326,1626
2327,1626
2328,1626
2329,1626
2330,1626
2331,1627
2332,1627
2333,1627
2334,1627
2335,1627
2336,1628
2337,1628
2338,1628
2339,1628
2340,1633
2341,1634
2342,1634
2343,1634
2344,1634
2345,1634
2346,1635
2347,1635
2348,1635
2349,1635
2350,1635
2351,1636
2352,1636
2353,1641
2354,1641
2355,1641
2356,1642
2357,1642
2358,1642
2359,1642
2360,1642
2361,1643
2362,1643
2363,1643
2364,1643
2365,1643
2366,1644
2367,1644
2368,1644
2369,1644
2370,1644
2371,1645
2372,1645
2373,1645
2374,1645
2375,1645
2376,1646
2377,1646
2378,1646
2379,1646
2380,1646
2381,1647
2382,1647
2383,1647
2384,1647
2385,1647
2386,1648
2387,1648
2388,1648
2389,1648
2390,1648
2391,1649
2392,1649
2393,1654
2394,1654
2395,1654
2396,1655
2397,1655
2398,1655
2399,1655
2400,1655
2401,1661
2402,1661
2403,1661
2404,1661
2405,1661
2406,1662
2407,1667
2408,1677
2409,1677
2410,1677
2411,1678
2412,1678
2413,1678
2414,1678
2415,1678
2416,1679
2417,1679
2418,1679
2419,1679
2420,1679
2421,1680
2422,1680
2423,1680
2424,1680
2425,1680
2426,1681
2427,1681
2428,1681
2429,1681
2430,1681
2431,1682
2432,1682
2433,1682
2434,1687
2435,1687
2436,1688
2437,1693
2438,1693
2439,1693
2440,1693
2441,1694
2442,1694
2443,1694
2444,1694
2445,1694
2446,1695
2447,1695
2448,1700
2449,1700
2450,1700
2451,1706
2452,1706
2453,1706
2454,1706
2455,1706
2456,1707
2457,1707
2458,1707
2459,1707
2460,1707
2461,1708
2462,1708
2463,1708
2464,1708
2465,1708
2466,1709
2467,1709
2468,1709
2469,1709
2470,1709
2471,1710
2472,1710
2473,1710
2474,1710
2475,1710
2476,1716
2477,1716
2478,1716
2479,1716
2480,1716
2481,1717
2482,1717
2483,1717
2484,1717
2485,1717
2486,1718
2487,1718
2488,1718
2489,1718
2490,1718
2491,1719
2492,1719
2493,1719
2494,1719
2495,1719
2496,1720
2497,1720
2498,1720
2499,1720
2500,1720
2501,1721
2502,1721
2503,1721
2504,1721
2505,1721
2506,1722
2507,1722
2508,1722
2509,1722
2510,1722
2511,1723
2512,1723
2513,1728
2514,1733
2515,1733
2516,1734
2517,1734
2518,1734
2519,1734
2520,1734
2521,1735
2522,1735
2523,1735
2524,1735
2525,1735
2526,1736
2527,1736
2528,1736
2529,1736
2530,1736
2531,1737
2532,1737
2533,1737
2534,1737
2535,1737
2536,1738
2537,1738
2538,1738
2539,1738
2540,1738
2541,1739
2542,1739
2543,1739
2544,1739
2545,1739
2546,1740
2547,1740
2548,1740
2549,1740
2550,1740
2551,1741
2552,1741
2553,1741
2554,1741
2555,1741
2556,1742
2557,1742
2558,1742
2559,1742
2560,1747
2561,1748
2562,1748
2563,1748
2564,1748
2565,1748
2566,1749
2567,1749
2568,1749
2569,1754
2570,1754
2571,1755
2572,1755
2573,1755
2574,1755
2575,1755
2576,1756
2577,1756
2578,1756
2579,1756
2580,1756
2581,1757
2582,1757
2583,1757
2584,1757
2585,1757
2586,1758
2587,1758
2588,1758
2589,1758
2590,1758
2591,1759
2592,1759
2593,1759
2594,1759
2595,1759
2596,1760
2597,1760
2598,1760
2599,1760
2600,1760
2601,1761
2602,1761
2603,1761
2604,1766
2605,1766
2606,1767
2607,1767
2608,1767
2609,1767
2610,1767
2611,1768
2612,1768
2613,1768
2614,1768
2615,1768
2616,1774
2617,1774
2618,1774
2619,1774
2620,1774
2621,1775
2622,1775
2623,1775
2624,1775
2625,1775
2626,1776
2627,1776
2628,1776
2629,1776
2630,1776
2631,1777
2632,1777
2633,1777
2634,1777
2635,1777
2636,1778
2637,1778
2638,1778
2639,1778
2640,1778
2641,1779
2642,1779
2643,1779
2644,1779
2645,1779
2646,1780
2647,1780
2648,1780
2649,1780
2650,1780
2651,1781
2652,1781
2653,1781
2654,1781
2655,1781
2656,1787
2657,1787
2658,1787
2659,1787
2660,1787
2661,1788
2662,1788
2663,1788
2664,1788
2665,1793
2666,1794
2667,1794
2668,1794
2669,1794
2670,1799
2671,1805
2672,1805
2673,1805
2674,1805
2675,1810
2676,1811
2677,1811
2678,1811
2679,1811
2680,1811
2681,1812
2682,1812
2683,1812
2684,1812
2685,1812
2686,1813
2687,1813
2688,1813
2689,1813
2690,1813
2691,1814
2692,1814
2693,1814
2694,1814
2695,1814
2696,1815
2697,1820
2698,1820
2699,1820
2700,1820
2701,1821
2702,1826
2703,1826
2704,1826
2705,1826
2706,1827
2707,1827
2708,1827
2709,1827
2710,1832
2711,1833
2712,1833
2713,1833
2714,1838
2715,1838
2716,1839
2717,1839
2718,1839
2719,1839
2720,1839
2721,1840
2722,1840
2723,1840
2724,1840
2725,1840
2726,1841
2727,1841
2728,1841
2729,1841
2730,1841
2731,1842
2732,1842
2733,1842
2734,1842
2735,1842
2736,1843
2737,1843
2738,1843
2739,1843
2740,1843
2741,1844
2742,1844
2743,1844
2744,1844
2745,1849
2746,1850
2747,1850
2748,1850
2749,1850
2750,1850
2751,1851
2752,1851
2753,1851
2754,1851
2755,1851
2756,1852
2757,1852
2758,1852
2759,1852
2760,1852
2761,1853
2762,1853
2763,1853
2764,1853
2765,1853
2766,1854
2767,1854
2768,1854
2769,1854
2770,1854
2771,1855
2772,1855
2773,1855
2774,1855
2775,1860
2776,1866
2777,1866
2778,1866
2779,1866
2780,1866
2781,1867
2782,1867
2783,1867
2784,1867
2785,1867
2786,1868
2787,1868
2788,1868
2789,1868
2790,1868
2791,1869
2792,1869
2793,1869
2794,1869
2795,1869
2796,1870
2797,1870
2798,1870
2799,1870
2800,1870
2801,1871
2802,1871
2803,1871
2804,1871
2805,1871
2806,1872
2807,1872
2808,1872
2809,1872
2810,1872
2811,1873
2812,1873
2813,1873
2814,1873
2815,1873
2816,1874
2817,1874
2818,1874
2819,1874
2820,1874
2821,1875
2822,1875
2823,1875
2824,1875
2825,1880
2826,1880
2827,1880
2828,1880
2829,1880
2830,1881
2831,1881
2832,1881
2833,1886
2834,1886
2835,1887
2836,1887
2837,1887
2838,1887
2839,1887
2840,1888
2841,1888
2842,1888
2843,1888
2844,1888
2845,1889
2846,1889
2847,1889
2848,1889
2849,1889
2850,1890
2851,1890
2852,1890
2853,1890
2854,1890
2855,1890
2856,1890
2857,1890
2858,1890
2859,1890
2860,1890
2861,1890
2862,1890
2863,1890
2864,1890
2865,1890
2866,1890
2867,1890
2868,1890
2869,1890
2870,1895
2871,1895
2872,1895
2873,1895
2874,1895
2875,1896
2876,1896
2877,1896
2878,1896
2879,1896
2880,1902
2881,1902
2882,1902
2883,1902
2884,1902
2885,1903
2886,1903
2887,1903
2888,1903
2889,1903
2890,1904
2891,1904
2892,1904
2893,1904
2894,1904
2895,1905
2896,1905
2897,1905
2898,1905
2899,1905
2900,1905
2901,1905
2902,1905
2903,1905
2904,1905
2905,1905
2906,1905
2907,1905
2908,1905
2909,1905
2910,1905
2911,1905
2912,1905
2913,1905
2914,1905
2915,1905
2916,1905
2917,1905
2918,1905
2919,1905
2920,1910
2921,1910
2922,1910
2923,1910
2924,1910
2925,1911
2926,1911
2927,1911
2928,1911
2929,1911
2930,1917
2931,1917
2932,1917
2933,1922
2934,1927
2935,1928
2936,1928
2937,1928
2938,1928
2939,1933
2940,1934
2941,1934
2942,1934
2943,1934
2944,1934
2945,1935
2946,1935
2947,1935
2948,1935
2949,1935
2950,1935
2951,1935
2952,1935
2953,1935
2954,1935
2955,1935
2956,1935
2957,1935
2958,1935
2959,1940
2960,1940
2961,1940
2962,1940
2963,1940
2964,1941
2965,1946
2966,1946
2967,1946
2968,1946
2969,1947
2970,1947
2971,1947
2972,1952
2973,1952
2974,1953
2975,1953
2976,1953
2977,1953
2978,1953
2979,1959
2980,1959
2981,1959
2982,1959
2983,1959
2984,1960
2985,1960
2986,1960
2987,1960
2988,1960
2989,1960
2990,1960
2991,1960
2992,1960
2993,1960
2994,1960
2995,1960
2996,1960
2997,1960
2998,1960
2999,1960
3000,1960
3001,1960
3002,1960
3003,1960
3004,1960
3005,1960
3006,1960
3007,1960
3008,1960
3009,1960
3010,1965
3011,1965
3012,1965
3013,1965
3014,1965
3015,1966
3016,1966
3017,1966
3018,1966
3019,1966
3020,1967
3021,1967
3022,1967
3023,1967
3024,1967
3025,1968
3026,1968
3027,1968
3028,1968
3029,1968
3030,1969
3031,1969
3032,1969
3033,1969
3034,1969
3035,1970
3036,1970
3037,1970
3038,1975
3039,1975
3040,1975
3041,1975
3042,1975
3043,1975
3044,1975
3045,1975
3046,1975
3047,1975
3048,1975
3049,1975
3050,1975
3051,1975
3052,1975
3053,1975
3054,1975
3055,1975
3056,1975
3057,1975
3058,1975
3059,1975
3060,1975
3061,1975
3062,1975
3063,1975
3064,1975
3065,1975
3066,1975
3067,1975
3068,1975
3069,1975
3070,1975
3071,1975
3072,1975
3073,1975
3074,1975
3075,1975
3076,1975
3077,1975
3078,1975
3079,1975
3080,1975
3081,1975
3082,1975
3083,1975
3084,1975
3085,1975
3086,1975
3087,1975
3088,1975
3089,1975
3090,1975
3091,1975
3092,1975
3093,1975
3094,1975
3095,1975
3096,1975
3097,1975
3098,1975
3099,1975
3100,1975
3101,1975
3102,1975
3103,1975
3104,1975
3105,1975
3106,1975
3107,1975
3108,1975
3109,1975
3110,1975
3111,1975
3112,1975
3113,1975
3114,1975
3115,1975
3116,1975
3117,1975
3118,1975
3119,1975
3120,1975
3121,1975
3122,1975
3123,1975
3124,1975
3125,1975
3126,1975
3127,1975
3128,1975
3129,1975
3130,1975
3131,1975
3132,1975
3133,1975
3134,1975
3135,1975
3136,1975
3137,1975
3138,1975
3139,1975
3140,1975
3141,1975
3142,1975
3143,1975
3144,1975
3145,1975
3146,1975
3147,1975
3148,1975
3149,1975
3150,1975
3151,1975
3152,1975
3153,1975
3154,1975
3155,1975
3156,1975
3157,1975
3158,1975
3159,1975
3160,1975
3161,1975
3162,1975
3163,1975
3164,1975
3165,1975
3166,1975
3167,1975
3168,1975
3169,1975
3170,1975
3171,1975
3172,1975
3173,1975
3174,1975
3175,1975
3176,1975
3177,1975
3178,1975
3179,1975
3180,1975
3181,1975
3182,1975
3183,1975
3184,1975
3185,1975
3186,1975
3187,1975
3188,1975
3189,1975
3190,1975
3191,1975
3192,1975
3193,1975
3194,1975
3195,1980
3196,1980
3197,1985
3198,1985
3199,1985
3200,1985
3201,1985
3202,1985
3203,1985
3204,1990
3205,1990
3206,1990
3207,1990
3208,1990
3209,1990
3210,1990
3211,1990
3212,1990
3213,1990
3214,1990
3215,1990
3216,1990
3217,1990
3218,1990
3219,1990
3220,1990
3221,1990
3222,1990
3223,1990
3224,1990
3225,1990
3226,1990
3227,1990
3228,1995
3229,1995
3230,1995
3231,1995
3232,1995
3233,1995
3234,1995
